asv,sample,counts,presence,local,type,species,taxa
ASV_71,HONEYSBBP3,153,1,BP,HONEY,SB,Weissella
ASV_14,NURSESDSC1,240,1,SC,NURSE,SD,Raoultella
ASV_55,POLLENSDBG2,3,0,BG,POLLEN,SD,Bombilactobacillus
ASV_30,NURSESBBG2,0,0,BG,NURSE,SB,Klebsiella
ASV_17,NURSESBBP4,279,1,BP,NURSE,SB,Floricoccus
ASV_55,FORAGERSDSC2,167,1,SC,FORAGER,SD,Bombilactobacillus
ASV_44,LARVAE2SBBP4,2325,1,BP,LARVAE,SB,Erysipelatoclostridium
ASV_14,FORAGERSBBP3,0,0,BP,FORAGER,SB,Raoultella
ASV_99,NURSESBSC2,13045,0,SC,NURSE,SB,Lactobacillaceae
ASV_60,FORAGERSDSC2,0,0,SC,FORAGER,SD,Enterobacterales
ASV_14,LARVAE1SDBP2,0,0,BP,LARVAE,SD,Raoultella
ASV_17,POLLENSDBG2,0,0,BG,POLLEN,SD,Floricoccus
ASV_484,FORAGERSDBP2,320,0,BP,FORAGER,SD,Bifidobacterium
ASV_14,NURSESDBP2,4,1,BP,NURSE,SD,Raoultella
ASV_543,FOODSBBG2,0,0,BG,FOOD,SB,Taibaiella
ASV_85,LARVAE1SBBP4,2342,1,BP,LARVAE,SB,Tyzzerella
ASV_30,LARVAESDSC1,0,0,SC,LARVAE,SD,Klebsiella
ASV_439,LARVAE1SDBP4,0,0,BP,LARVAE,SD,Bifidobacteriaceae
ASV_85,FOODSDBP1,0,0,BP,FOOD,SD,Tyzzerella
ASV_62,POLLENSBBP3,253,0,BP,POLLEN,SB,Acinetobacter
ASV_30,POLLENSDBP1,0,0,BP,POLLEN,SD,Klebsiella
ASV_44,LARVAE1SBBP4,2378,1,BP,LARVAE,SB,Erysipelatoclostridium
ASV_85,HONEYSDSC1,10,0,SC,HONEY,SD,Tyzzerella
ASV_17,POLLENSDSC1,0,0,SC,POLLEN,SD,Floricoccus
ASV_76,HONEYSBBP3,22,1,BP,HONEY,SB,Sphingobacterium
ASV_484,NURSESBBG2,415,0,BG,NURSE,SB,Bifidobacterium
ASV_439,NURSESBBP3,22,1,BP,NURSE,SB,Bifidobacteriaceae
ASV_12,FORAGERSDBG2,0,0,BG,FORAGER,SD,Pectinatus
ASV_14,POLLENSDBG2,98,1,BG,POLLEN,SD,Raoultella
ASV_99,NURSESBBG2,18662,0,BG,NURSE,SB,Lactobacillaceae
ASV_85,NURSESBBP4,0,0,BP,NURSE,SB,Tyzzerella
ASV_484,LARVAESDSC1,0,0,SC,LARVAE,SD,Bifidobacterium
ASV_60,POLLENSDBP1,52,0,BP,POLLEN,SD,Enterobacterales
ASV_96,FOODSBBP4,6,0,BP,FOOD,SB,Micrococcaceae
ASV_484,LARVAESBBP2,0,0,BP,LARVAE,SB,Bifidobacterium
ASV_484,FORAGERSBBG1,420,0,BG,FORAGER,SB,Bifidobacterium
ASV_96,FORAGERSDSC2,0,0,SC,FORAGER,SD,Micrococcaceae
ASV_60,FORAGERSDBG2,0,0,BG,FORAGER,SD,Enterobacterales
ASV_86,POLLENSDSC1,5786,0,SC,POLLEN,SD,Acetobacteraceae
ASV_62,POLLENSDBP2,0,0,BP,POLLEN,SD,Acinetobacter
ASV_71,NURSESDSC1,33,1,SC,NURSE,SD,Weissella
ASV_83,NURSESDBG2,0,0,BG,NURSE,SD,Corynebacterium
ASV_55,FOODSBBP4,0,0,BP,FOOD,SB,Bombilactobacillus
ASV_86,LARVAE1SBBP4,17,0,BP,LARVAE,SB,Acetobacteraceae
ASV_12,FOODSBBP4,0,0,BP,FOOD,SB,Pectinatus
ASV_439,POLLENSDBP1,0,0,BP,POLLEN,SD,Bifidobacteriaceae
ASV_484,HONEYSDBG2,8,0,BG,HONEY,SD,Bifidobacterium
ASV_44,FOODSBBG2,795,1,BG,FOOD,SB,Erysipelatoclostridium
ASV_543,FORAGERSBBG1,0,0,BG,FORAGER,SB,Taibaiella
ASV_12,FORAGERSBSC2,8,1,SC,FORAGER,SB,Pectinatus
ASV_83,FORAGERSDBG1,12,0,BG,FORAGER,SD,Corynebacterium
ASV_55,NURSESBSC2,74,0,SC,NURSE,SB,Bombilactobacillus
ASV_543,GUARDSDSC1,223,0,SC,GUARD,SD,Taibaiella
ASV_71,LARVAE1SBBP4,0,0,BP,LARVAE,SB,Weissella
ASV_93,FOODSBBP3,0,0,BP,FOOD,SB,Lactobacillus
ASV_93,FORAGERSBBG1,1852,1,BG,FORAGER,SB,Lactobacillus
ASV_12,NURSESDSC1,476,1,SC,NURSE,SD,Pectinatus
ASV_44,LARVAESBBP2,1450,1,BP,LARVAE,SB,Erysipelatoclostridium
ASV_86,POLLENSDBG1,12,1,BG,POLLEN,SD,Acetobacteraceae
ASV_93,FOODSDBP2,7,0,BP,FOOD,SD,Lactobacillus
ASV_60,POLLENSBBP2,0,0,BP,POLLEN,SB,Enterobacterales
ASV_439,LARVAE2SBBP4,6,0,BP,LARVAE,SB,Bifidobacteriaceae
ASV_17,POLLENSDSC2,8,1,SC,POLLEN,SD,Floricoccus
ASV_484,GUARDSBSC1,3273,0,SC,GUARD,SB,Bifidobacterium
ASV_93,FORAGERSBBP4,2215,0,BP,FORAGER,SB,Lactobacillus
ASV_71,HONEYSBBP4,31,1,BP,HONEY,SB,Weissella
ASV_99,POLLENSDBP2,20740,0,BP,POLLEN,SD,Lactobacillaceae
ASV_484,NURSESBSC1,159,0,SC,NURSE,SB,Bifidobacterium
ASV_83,POLLENSDSC2,0,0,SC,POLLEN,SD,Corynebacterium
ASV_93,FOODSBSC1,5,0,SC,FOOD,SB,Lactobacillus
ASV_12,FORAGERSBBP3,290,1,BP,FORAGER,SB,Pectinatus
ASV_14,POLLENSBBP3,70,1,BP,POLLEN,SB,Raoultella
ASV_30,FOODSDBP1,0,0,BP,FOOD,SD,Klebsiella
ASV_83,POLLENSBBP3,2,1,BP,POLLEN,SB,Corynebacterium
ASV_14,HONEYSBBG2,106,1,BG,HONEY,SB,Raoultella
ASV_12,LARVAE1SDBP2,0,0,BP,LARVAE,SD,Pectinatus
ASV_76,FOODSBSC1,0,0,SC,FOOD,SB,Sphingobacterium
ASV_76,LARVAE2SBBP4,0,0,BP,LARVAE,SB,Sphingobacterium
ASV_44,NURSESDSC1,0,0,SC,NURSE,SD,Erysipelatoclostridium
ASV_99,FORAGERSDBP1,581,0,BP,FORAGER,SD,Lactobacillaceae
ASV_30,LARVAE1SBBP4,0,0,BP,LARVAE,SB,Klebsiella
ASV_93,FORAGERSBSC2,264,0,SC,FORAGER,SB,Lactobacillus
ASV_484,FOODSDBP2,0,0,BP,FOOD,SD,Bifidobacterium
ASV_86,FORAGERSBSC1,88,1,SC,FORAGER,SB,Acetobacteraceae
ASV_12,NURSESDBP2,1800,1,BP,NURSE,SD,Pectinatus
ASV_55,NURSESDBP1,263,1,BP,NURSE,SD,Bombilactobacillus
ASV_30,HONEYSDSC1,49,0,SC,HONEY,SD,Klebsiella
ASV_85,GUARDSBSC2,0,0,SC,GUARD,SB,Tyzzerella
ASV_96,LARVAESBBP2,0,0,BP,LARVAE,SB,Micrococcaceae
ASV_17,HONEYSDBP1,10,1,BP,HONEY,SD,Floricoccus
ASV_60,HONEYSBSC1,850,1,SC,HONEY,SB,Enterobacterales
ASV_83,GUARDSDSC1,295,1,SC,GUARD,SD,Corynebacterium
ASV_93,HONEYSDBP1,0,0,BP,HONEY,SD,Lactobacillus
ASV_55,FORAGERSBSC1,628,0,SC,FORAGER,SB,Bombilactobacillus
ASV_71,POLLENSDSC1,0,0,SC,POLLEN,SD,Weissella
ASV_30,NURSESBBP4,0,0,BP,NURSE,SB,Klebsiella
ASV_76,NURSESDBP1,0,0,BP,NURSE,SD,Sphingobacterium
ASV_76,FOODSBBP4,0,0,BP,FOOD,SB,Sphingobacterium
ASV_83,NURSESDSC1,29,1,SC,NURSE,SD,Corynebacterium
ASV_71,LARVAE2SBBP4,0,0,BP,LARVAE,SB,Weissella
ASV_543,FORAGERSDBG2,9,0,BG,FORAGER,SD,Taibaiella
ASV_86,GUARDSDSC1,0,0,SC,GUARD,SD,Acetobacteraceae
ASV_12,POLLENSDBG2,0,0,BG,POLLEN,SD,Pectinatus
ASV_96,POLLENSDBG1,0,0,BG,POLLEN,SD,Micrococcaceae
ASV_44,LARVAE1SDBP2,114,0,BP,LARVAE,SD,Erysipelatoclostridium
ASV_484,HONEYSDSC1,266,0,SC,HONEY,SD,Bifidobacterium
ASV_71,FORAGERSBSC1,0,0,SC,FORAGER,SB,Weissella
ASV_71,FORAGERSDBP1,585,0,BP,FORAGER,SD,Weissella
ASV_44,POLLENSDBP2,0,0,BP,POLLEN,SD,Erysipelatoclostridium
ASV_62,FOODSBBP3,20,0,BP,FOOD,SB,Acinetobacter
ASV_71,HONEYSBBG1,0,0,BG,HONEY,SB,Weissella
ASV_86,FORAGERSBBP4,815,1,BP,FORAGER,SB,Acetobacteraceae
ASV_85,NURSESBBG1,0,0,BG,NURSE,SB,Tyzzerella
ASV_62,FORAGERSBBG1,0,0,BG,FORAGER,SB,Acinetobacter
ASV_99,HONEYSDSC1,98155,1,SC,HONEY,SD,Lactobacillaceae
ASV_60,HONEYSBBP4,87,0,BP,HONEY,SB,Enterobacterales
ASV_14,FOODSBSC2,11,1,SC,FOOD,SB,Raoultella
ASV_439,NURSESBBP4,0,0,BP,NURSE,SB,Bifidobacteriaceae
ASV_14,FORAGERSDBG1,7,1,BG,FORAGER,SD,Raoultella
ASV_62,FORAGERSBBP4,0,0,BP,FORAGER,SB,Acinetobacter
ASV_99,POLLENSBBP3,16958,0,BP,POLLEN,SB,Lactobacillaceae
ASV_96,NURSESBBG1,0,0,BG,NURSE,SB,Micrococcaceae
ASV_71,GUARDSDBG1,691,0,BG,GUARD,SD,Weissella
ASV_44,FORAGERSDBG2,0,0,BG,FORAGER,SD,Erysipelatoclostridium
ASV_17,HONEYSBBP3,323,1,BP,HONEY,SB,Floricoccus
ASV_85,GUARDSBBP3,0,0,BP,GUARD,SB,Tyzzerella
ASV_86,FORAGERSBBG1,66,0,BG,FORAGER,SB,Acetobacteraceae
ASV_543,FOODSBBP4,0,0,BP,FOOD,SB,Taibaiella
ASV_86,HONEYSDBP1,8,0,BP,HONEY,SD,Acetobacteraceae
ASV_62,FOODSDBP2,31,1,BP,FOOD,SD,Acinetobacter
ASV_60,HONEYSBBG1,0,0,BG,HONEY,SB,Enterobacterales
ASV_484,LARVAE1SBBP4,0,0,BP,LARVAE,SB,Bifidobacterium
ASV_543,FORAGERSBSC2,0,0,SC,FORAGER,SB,Taibaiella
ASV_71,NURSESDSC2,0,0,SC,NURSE,SD,Weissella
ASV_60,FOODSDSC1,0,0,SC,FOOD,SD,Enterobacterales
ASV_83,FOODSDBG1,0,0,BG,FOOD,SD,Corynebacterium
ASV_86,GUARDSDBG1,118,0,BG,GUARD,SD,Acetobacteraceae
ASV_93,NURSESBBP3,0,0,BP,NURSE,SB,Lactobacillus
ASV_62,FOODSBSC1,0,0,SC,FOOD,SB,Acinetobacter
ASV_17,GUARDSBSC1,113,1,SC,GUARD,SB,Floricoccus
ASV_17,GUARDSDBG1,56,1,BG,GUARD,SD,Floricoccus
ASV_439,POLLENSDBP2,0,0,BP,POLLEN,SD,Bifidobacteriaceae
ASV_83,HONEYSBBG1,35,1,BG,HONEY,SB,Corynebacterium
ASV_96,HONEYSBBG1,6,0,BG,HONEY,SB,Micrococcaceae
ASV_62,HONEYSDBP1,587,1,BP,HONEY,SD,Acinetobacter
ASV_543,NURSESDSC1,5,0,SC,NURSE,SD,Taibaiella
ASV_99,HONEYSDBG1,22598,0,BG,HONEY,SD,Lactobacillaceae
ASV_86,GUARDSBSC2,0,0,SC,GUARD,SB,Acetobacteraceae
ASV_62,FORAGERSBSC2,0,0,SC,FORAGER,SB,Acinetobacter
ASV_96,POLLENSDBG2,0,0,BG,POLLEN,SD,Micrococcaceae
ASV_14,FOODSBBP3,0,0,BP,FOOD,SB,Raoultella
ASV_83,LARVAE1SDBP4,0,0,BP,LARVAE,SD,Corynebacterium
ASV_96,NURSESBBG2,0,0,BG,NURSE,SB,Micrococcaceae
ASV_83,FORAGERSBBP4,0,0,BP,FORAGER,SB,Corynebacterium
ASV_85,NURSESDBG2,0,0,BG,NURSE,SD,Tyzzerella
ASV_93,NURSESDBP2,1289,0,BP,NURSE,SD,Lactobacillus
ASV_99,HONEYSBSC2,39756,0,SC,HONEY,SB,Lactobacillaceae
ASV_44,FOODSDSC2,0,0,SC,FOOD,SD,Erysipelatoclostridium
ASV_14,FORAGERSBSC1,30,1,SC,FORAGER,SB,Raoultella
ASV_543,FORAGERSBBP3,0,0,BP,FORAGER,SB,Taibaiella
ASV_12,POLLENSBBP3,5,1,BP,POLLEN,SB,Pectinatus
ASV_439,FORAGERSBBP3,805,0,BP,FORAGER,SB,Bifidobacteriaceae
ASV_543,LARVAE1SDBP2,0,0,BP,LARVAE,SD,Taibaiella
ASV_12,HONEYSBBG2,0,0,BG,HONEY,SB,Pectinatus
ASV_93,NURSESBSC1,2333,1,SC,NURSE,SB,Lactobacillus
ASV_60,FOODSDBG1,4,0,BG,FOOD,SD,Enterobacterales
ASV_44,FORAGERSBBP4,0,0,BP,FORAGER,SB,Erysipelatoclostridium
ASV_44,FORAGERSBSC2,0,0,SC,FORAGER,SB,Erysipelatoclostridium
ASV_30,GUARDSBSC2,0,0,SC,GUARD,SB,Klebsiella
ASV_93,LARVAE1SDBP2,0,0,BP,LARVAE,SD,Lactobacillus
ASV_55,POLLENSDSC1,0,0,SC,POLLEN,SD,Bombilactobacillus
ASV_543,NURSESDBP2,0,0,BP,NURSE,SD,Taibaiella
ASV_76,POLLENSDSC1,0,0,SC,POLLEN,SD,Sphingobacterium
ASV_30,NURSESBBG1,0,0,BG,NURSE,SB,Klebsiella
ASV_439,FOODSDSC1,0,0,SC,FOOD,SD,Bifidobacteriaceae
ASV_60,FOODSBSC2,0,0,SC,FOOD,SB,Enterobacterales
ASV_439,FOODSBBG2,0,0,BG,FOOD,SB,Bifidobacteriaceae
ASV_99,FOODSDSC2,28728,0,SC,FOOD,SD,Lactobacillaceae
ASV_439,GUARDSDSC1,471,0,SC,GUARD,SD,Bifidobacteriaceae
ASV_543,POLLENSDBG2,0,0,BG,POLLEN,SD,Taibaiella
ASV_14,HONEYSBBP4,131,1,BP,HONEY,SB,Raoultella
ASV_85,NURSESBSC2,0,0,SC,NURSE,SB,Tyzzerella
ASV_76,LARVAE1SBBP4,0,0,BP,LARVAE,SB,Sphingobacterium
ASV_17,HONEYSBBP4,967,1,BP,HONEY,SB,Floricoccus
ASV_99,GUARDSBBP3,115,0,BP,GUARD,SB,Lactobacillaceae
ASV_96,HONEYSBBG2,5,0,BG,HONEY,SB,Micrococcaceae
ASV_44,HONEYSDBG1,0,0,BG,HONEY,SD,Erysipelatoclostridium
ASV_55,NURSESDBP2,329,1,BP,NURSE,SD,Bombilactobacillus
ASV_99,HONEYSBBG2,27183,0,BG,HONEY,SB,Lactobacillaceae
ASV_96,GUARDSDSC1,198,0,SC,GUARD,SD,Micrococcaceae
ASV_17,GUARDSBSC2,42,1,SC,GUARD,SB,Floricoccus
ASV_55,FORAGERSBSC2,149,0,SC,FORAGER,SB,Bombilactobacillus
ASV_60,NURSESDBP2,0,0,BP,NURSE,SD,Enterobacterales
ASV_62,NURSESBBP3,10,0,BP,NURSE,SB,Acinetobacter
ASV_86,LARVAESDSC1,0,0,SC,LARVAE,SD,Acetobacteraceae
ASV_86,FOODSDBP2,1549,0,BP,FOOD,SD,Acetobacteraceae
ASV_71,FORAGERSBSC2,0,0,SC,FORAGER,SB,Weissella
ASV_76,POLLENSDBG1,0,0,BG,POLLEN,SD,Sphingobacterium
ASV_30,GUARDSBBP3,0,0,BP,GUARD,SB,Klebsiella
ASV_71,FORAGERSDBP2,13,1,BP,FORAGER,SD,Weissella
ASV_484,NURSESDBG2,0,0,BG,NURSE,SD,Bifidobacterium
ASV_71,POLLENSDSC2,0,0,SC,POLLEN,SD,Weissella
ASV_14,NURSESDBP1,0,0,BP,NURSE,SD,Raoultella
ASV_62,NURSESDBP2,0,0,BP,NURSE,SD,Acinetobacter
ASV_71,FOODSDBG1,0,0,BG,FOOD,SD,Weissella
ASV_86,NURSESDSC2,210,1,SC,NURSE,SD,Acetobacteraceae
ASV_14,FORAGERSDSC2,0,0,SC,FORAGER,SD,Raoultella
ASV_439,LARVAE1SBBP4,0,0,BP,LARVAE,SB,Bifidobacteriaceae
ASV_12,FOODSBSC2,0,0,SC,FOOD,SB,Pectinatus
ASV_484,FORAGERSDBG1,672,0,BG,FORAGER,SD,Bifidobacterium
ASV_60,FOODSBBG2,0,0,BG,FOOD,SB,Enterobacterales
ASV_12,FORAGERSDBG1,1315,1,BG,FORAGER,SD,Pectinatus
ASV_14,POLLENSDBG1,35,1,BG,POLLEN,SD,Raoultella
ASV_62,NURSESBSC1,0,0,SC,NURSE,SB,Acinetobacter
ASV_71,HONEYSBBG2,0,0,BG,HONEY,SB,Weissella
ASV_85,NURSESBBP3,0,0,BP,NURSE,SB,Tyzzerella
ASV_93,POLLENSDBG1,0,0,BG,POLLEN,SD,Lactobacillus
ASV_17,GUARDSDSC1,492,1,SC,GUARD,SD,Floricoccus
ASV_96,FORAGERSDBG1,3,1,BG,FORAGER,SD,Micrococcaceae
ASV_60,LARVAESBBP2,2,0,BP,LARVAE,SB,Enterobacterales
ASV_30,NURSESDBG2,0,0,BG,NURSE,SD,Klebsiella
ASV_96,GUARDSDSC2,632,1,SC,GUARD,SD,Micrococcaceae
ASV_62,LARVAE1SDBP2,0,0,BP,LARVAE,SD,Acinetobacter
ASV_76,FORAGERSBSC1,0,0,SC,FORAGER,SB,Sphingobacterium
ASV_55,FORAGERSDBP1,986,1,BP,FORAGER,SD,Bombilactobacillus
ASV_484,POLLENSDSC2,0,0,SC,POLLEN,SD,Bifidobacterium
ASV_60,LARVAE1SDBP4,0,0,BP,LARVAE,SD,Enterobacterales
ASV_12,FOODSBBP3,0,0,BP,FOOD,SB,Pectinatus
ASV_86,NURSESDBG2,300,1,BG,NURSE,SD,Acetobacteraceae
ASV_44,HONEYSBBP3,0,0,BP,HONEY,SB,Erysipelatoclostridium
ASV_83,FOODSBBP4,0,0,BP,FOOD,SB,Corynebacterium
ASV_44,HONEYSBSC1,0,0,SC,HONEY,SB,Erysipelatoclostridium
ASV_484,POLLENSBBP3,0,0,BP,POLLEN,SB,Bifidobacterium
ASV_60,NURSESBBP3,5,0,BP,NURSE,SB,Enterobacterales
ASV_86,LARVAESBSC2,0,0,SC,LARVAE,SB,Acetobacteraceae
ASV_93,POLLENSDSC2,0,0,SC,POLLEN,SD,Lactobacillus
ASV_439,HONEYSDBG1,0,0,BG,HONEY,SD,Bifidobacteriaceae
ASV_12,FORAGERSBSC1,0,0,SC,FORAGER,SB,Pectinatus
ASV_86,FOODSBBP3,164,0,BP,FOOD,SB,Acetobacteraceae
ASV_543,POLLENSBBP3,10,0,BP,POLLEN,SB,Taibaiella
ASV_76,GUARDSDSC1,543,1,SC,GUARD,SD,Sphingobacterium
ASV_543,HONEYSBBG2,0,0,BG,HONEY,SB,Taibaiella
ASV_439,FORAGERSBBP4,943,0,BP,FORAGER,SB,Bifidobacteriaceae
ASV_85,LARVAE1SDBP4,1231,1,BP,LARVAE,SD,Tyzzerella
ASV_85,HONEYSDBP1,0,0,BP,HONEY,SD,Tyzzerella
ASV_76,FORAGERSBBP4,0,0,BP,FORAGER,SB,Sphingobacterium
ASV_96,FORAGERSDBG2,0,0,BG,FORAGER,SD,Micrococcaceae
ASV_85,GUARDSDBG1,0,0,BG,GUARD,SD,Tyzzerella
ASV_44,FORAGERSDBP2,0,0,BP,FORAGER,SD,Erysipelatoclostridium
ASV_76,FORAGERSBBG1,0,0,BG,FORAGER,SB,Sphingobacterium
ASV_76,HONEYSDBP1,0,0,BP,HONEY,SD,Sphingobacterium
ASV_484,NURSESDSC1,942,0,SC,NURSE,SD,Bifidobacterium
ASV_30,NURSESBSC2,0,0,SC,NURSE,SB,Klebsiella
ASV_62,POLLENSDBG1,16,0,BG,POLLEN,SD,Acinetobacter
ASV_484,GUARDSDSC1,1003,0,SC,GUARD,SD,Bifidobacterium
ASV_14,LARVAESBSC2,0,0,SC,LARVAE,SB,Raoultella
ASV_76,GUARDSDBG1,426,0,BG,GUARD,SD,Sphingobacterium
ASV_12,HONEYSBBP4,61,1,BP,HONEY,SB,Pectinatus
ASV_55,POLLENSDSC2,0,0,SC,POLLEN,SD,Bombilactobacillus
ASV_17,GUARDSDSC2,992,1,SC,GUARD,SD,Floricoccus
ASV_60,POLLENSDSC2,182,0,SC,POLLEN,SD,Enterobacterales
ASV_14,POLLENSBBP2,5,1,BP,POLLEN,SB,Raoultella
ASV_55,LARVAESBBP2,0,0,BP,LARVAE,SB,Bombilactobacillus
ASV_96,POLLENSDBP1,0,0,BP,POLLEN,SD,Micrococcaceae
ASV_14,HONEYSBBG1,129,1,BG,HONEY,SB,Raoultella
ASV_439,FOODSDSC2,0,0,SC,FOOD,SD,Bifidobacteriaceae
ASV_44,GUARDSDSC2,0,0,SC,GUARD,SD,Erysipelatoclostridium
ASV_14,FOODSDBG1,0,0,BG,FOOD,SD,Raoultella
ASV_55,LARVAE1SDBP2,0,0,BP,LARVAE,SD,Bombilactobacillus
ASV_439,GUARDSDSC2,1739,0,SC,GUARD,SD,Bifidobacteriaceae
ASV_99,NURSESBSC1,25323,0,SC,NURSE,SB,Lactobacillaceae
ASV_86,LARVAE1SDBP2,221,0,BP,LARVAE,SD,Acetobacteraceae
ASV_12,NURSESDBP1,2008,1,BP,NURSE,SD,Pectinatus
ASV_85,GUARDSBSC1,0,0,SC,GUARD,SB,Tyzzerella
ASV_83,NURSESDBP2,0,0,BP,NURSE,SD,Corynebacterium
ASV_12,FORAGERSDSC2,3296,1,SC,FORAGER,SD,Pectinatus
ASV_14,POLLENSDSC2,153,1,SC,POLLEN,SD,Raoultella
ASV_543,FOODSBSC2,0,0,SC,FOOD,SB,Taibaiella
ASV_76,GUARDSBSC2,32,1,SC,GUARD,SB,Sphingobacterium
ASV_93,FOODSBBG2,0,0,BG,FOOD,SB,Lactobacillus
ASV_44,NURSESBBG2,0,0,BG,NURSE,SB,Erysipelatoclostridium
ASV_30,NURSESBBP3,0,0,BP,NURSE,SB,Klebsiella
ASV_484,FOODSDBG1,0,0,BG,FOOD,SD,Bifidobacterium
ASV_543,FORAGERSDBG1,2,0,BG,FORAGER,SD,Taibaiella
ASV_60,POLLENSDBG2,32,0,BG,POLLEN,SD,Enterobacterales
ASV_12,POLLENSDBG1,0,0,BG,POLLEN,SD,Pectinatus
ASV_83,FORAGERSDBP1,0,0,BP,FORAGER,SD,Corynebacterium
ASV_55,HONEYSBBP3,41,0,BP,HONEY,SB,Bombilactobacillus
ASV_62,POLLENSDSC2,24,1,SC,POLLEN,SD,Acinetobacter
ASV_99,NURSESBBP4,13682,0,BP,NURSE,SB,Lactobacillaceae
ASV_96,POLLENSDBP2,4,0,BP,POLLEN,SD,Micrococcaceae
ASV_99,NURSESBBG1,18601,0,BG,NURSE,SB,Lactobacillaceae
ASV_83,NURSESBBG1,0,0,BG,NURSE,SB,Corynebacterium
ASV_93,FOODSDBG1,3,0,BG,FOOD,SD,Lactobacillus
ASV_484,HONEYSBBG1,0,0,BG,HONEY,SB,Bifidobacterium
ASV_30,HONEYSDBP1,33,1,BP,HONEY,SD,Klebsiella
ASV_14,FOODSBSC1,17,1,SC,FOOD,SB,Raoultella
ASV_93,HONEYSBBG1,8,0,BG,HONEY,SB,Lactobacillus
ASV_60,FORAGERSDBG1,4,0,BG,FORAGER,SD,Enterobacterales
ASV_543,FOODSBBP3,0,0,BP,FOOD,SB,Taibaiella
ASV_14,HONEYSDBG2,227,1,BG,HONEY,SD,Raoultella
ASV_93,FORAGERSDBG2,2594,0,BG,FORAGER,SD,Lactobacillus
ASV_96,FOODSDSC1,0,0,SC,FOOD,SD,Micrococcaceae
ASV_484,LARVAE1SDBP4,0,0,BP,LARVAE,SD,Bifidobacterium
ASV_543,FORAGERSBSC1,0,0,SC,FORAGER,SB,Taibaiella
ASV_484,FORAGERSBBP4,509,0,BP,FORAGER,SB,Bifidobacterium
ASV_44,HONEYSDBP1,2,0,BP,HONEY,SD,Erysipelatoclostridium
ASV_14,LARVAE2SBBP4,0,0,BP,LARVAE,SB,Raoultella
ASV_30,LARVAE1SDBP4,0,0,BP,LARVAE,SD,Klebsiella
ASV_93,HONEYSBBP4,64,0,BP,HONEY,SB,Lactobacillus
ASV_76,LARVAESDSC1,0,0,SC,LARVAE,SD,Sphingobacterium
ASV_60,FORAGERSBSC2,256,0,SC,FORAGER,SB,Enterobacterales
ASV_55,FORAGERSDBP2,1003,0,BP,FORAGER,SD,Bombilactobacillus
ASV_30,GUARDSDBG1,215,1,BG,GUARD,SD,Klebsiella
ASV_85,FORAGERSBBG2,0,0,BG,FORAGER,SB,Tyzzerella
ASV_93,FOODSDSC2,0,0,SC,FOOD,SD,Lactobacillus
ASV_83,HONEYSDBG1,0,0,BG,HONEY,SD,Corynebacterium
ASV_99,FORAGERSDSC2,5089,0,SC,FORAGER,SD,Lactobacillaceae
ASV_62,FOODSBBG2,0,0,BG,FOOD,SB,Acinetobacter
ASV_71,POLLENSBBP2,0,0,BP,POLLEN,SB,Weissella
ASV_439,HONEYSDBG2,22,0,BG,HONEY,SD,Bifidobacteriaceae
ASV_60,GUARDSDSC2,0,0,SC,GUARD,SD,Enterobacterales
ASV_76,FOODSDBP2,0,0,BP,FOOD,SD,Sphingobacterium
ASV_85,GUARDSDSC2,0,0,SC,GUARD,SD,Tyzzerella
ASV_439,POLLENSBBP2,0,0,BP,POLLEN,SB,Bifidobacteriaceae
ASV_76,NURSESDSC2,0,0,SC,NURSE,SD,Sphingobacterium
ASV_85,NURSESDBG1,0,0,BG,NURSE,SD,Tyzzerella
ASV_14,HONEYSBSC2,234,1,SC,HONEY,SB,Raoultella
ASV_55,FOODSDBG1,0,0,BG,FOOD,SD,Bombilactobacillus
ASV_86,FORAGERSDBP2,0,0,BP,FORAGER,SD,Acetobacteraceae
ASV_543,HONEYSBBP4,0,0,BP,HONEY,SB,Taibaiella
ASV_60,FORAGERSBBG2,0,0,BG,FORAGER,SB,Enterobacterales
ASV_12,POLLENSBBP2,0,0,BP,POLLEN,SB,Pectinatus
ASV_93,HONEYSBSC2,18,0,SC,HONEY,SB,Lactobacillus
ASV_55,GUARDSDBG1,1357,1,BG,GUARD,SD,Bombilactobacillus
ASV_96,NURSESBBP3,0,0,BP,NURSE,SB,Micrococcaceae
ASV_62,FOODSDBG1,0,0,BG,FOOD,SD,Acinetobacter
ASV_12,HONEYSBBG1,0,0,BG,HONEY,SB,Pectinatus
ASV_12,FOODSDBG1,0,0,BG,FOOD,SD,Pectinatus
ASV_99,POLLENSDBP1,29965,0,BP,POLLEN,SD,Lactobacillaceae
ASV_12,LARVAESBSC2,0,0,SC,LARVAE,SB,Pectinatus
ASV_14,FOODSDSC2,0,0,SC,FOOD,SD,Raoultella
ASV_93,HONEYSDSC1,362,0,SC,HONEY,SD,Lactobacillus
ASV_30,GUARDSBSC1,0,0,SC,GUARD,SB,Klebsiella
ASV_62,HONEYSBBG1,1491,0,BG,HONEY,SB,Acinetobacter
ASV_543,NURSESDBP1,0,0,BP,NURSE,SD,Taibaiella
ASV_62,FORAGERSDBG2,0,0,BG,FORAGER,SD,Acinetobacter
ASV_96,FOODSDSC2,0,0,SC,FOOD,SD,Micrococcaceae
ASV_543,FORAGERSDSC2,0,0,SC,FORAGER,SD,Taibaiella
ASV_99,FORAGERSDBG2,12897,0,BG,FORAGER,SD,Lactobacillaceae
ASV_17,LARVAESBBP2,0,0,BP,LARVAE,SB,Floricoccus
ASV_439,FOODSBSC1,0,0,SC,FOOD,SB,Bifidobacteriaceae
ASV_71,NURSESBBP3,0,0,BP,NURSE,SB,Weissella
ASV_76,LARVAESBSC2,0,0,SC,LARVAE,SB,Sphingobacterium
ASV_62,HONEYSBBP4,2600,1,BP,HONEY,SB,Acinetobacter
ASV_86,HONEYSDSC2,7,0,SC,HONEY,SD,Acetobacteraceae
ASV_93,NURSESBBG2,1596,0,BG,NURSE,SB,Lactobacillus
ASV_543,POLLENSDBG1,0,0,BG,POLLEN,SD,Taibaiella
ASV_14,HONEYSBBP3,47,1,BP,HONEY,SB,Raoultella
ASV_96,FORAGERSDBP1,0,0,BP,FORAGER,SD,Micrococcaceae
ASV_85,NURSESBSC1,0,0,SC,NURSE,SB,Tyzzerella
ASV_83,FOODSDBP1,0,0,BP,FOOD,SD,Corynebacterium
ASV_76,NURSESDBG2,0,0,BG,NURSE,SD,Sphingobacterium
ASV_12,POLLENSDSC2,0,0,SC,POLLEN,SD,Pectinatus
ASV_62,FOODSDSC2,3,0,SC,FOOD,SD,Acinetobacter
ASV_93,NURSESDBG1,2644,0,BG,NURSE,SD,Lactobacillus
ASV_76,FOODSBBP3,0,0,BP,FOOD,SB,Sphingobacterium
ASV_439,GUARDSBSC1,458,0,SC,GUARD,SB,Bifidobacteriaceae
ASV_96,NURSESBBP4,0,0,BP,NURSE,SB,Micrococcaceae
ASV_96,HONEYSBBP3,145,1,BP,HONEY,SB,Micrococcaceae
ASV_86,FORAGERSBBP3,95,0,BP,FORAGER,SB,Acetobacteraceae
ASV_55,HONEYSBBP4,38,0,BP,HONEY,SB,Bombilactobacillus
ASV_60,HONEYSBBP3,5,0,BP,HONEY,SB,Enterobacterales
ASV_30,FORAGERSBBG2,0,0,BG,FORAGER,SB,Klebsiella
ASV_12,FOODSBSC1,0,0,SC,FOOD,SB,Pectinatus
ASV_44,NURSESDSC2,0,0,SC,NURSE,SD,Erysipelatoclostridium
ASV_12,HONEYSDBG2,25,1,BG,HONEY,SD,Pectinatus
ASV_62,HONEYSBSC2,442,1,SC,HONEY,SB,Acinetobacter
ASV_99,POLLENSBBP2,4832,0,BP,POLLEN,SB,Lactobacillaceae
ASV_484,FOODSBBP4,11,0,BP,FOOD,SB,Bifidobacterium
ASV_86,HONEYSDBG2,0,0,BG,HONEY,SD,Acetobacteraceae
ASV_12,LARVAE2SBBP4,0,0,BP,LARVAE,SB,Pectinatus
ASV_30,GUARDSDSC2,0,0,SC,GUARD,SD,Klebsiella
ASV_62,HONEYSDSC1,5679,1,SC,HONEY,SD,Acinetobacter
ASV_439,NURSESDBG1,941,0,BG,NURSE,SD,Bifidobacteriaceae
ASV_17,FORAGERSBBG1,740,1,BG,FORAGER,SB,Floricoccus
ASV_83,FORAGERSBSC2,0,0,SC,FORAGER,SB,Corynebacterium
ASV_96,GUARDSDBG1,0,0,BG,GUARD,SD,Micrococcaceae
ASV_71,HONEYSBSC1,0,0,SC,HONEY,SB,Weissella
ASV_71,HONEYSDBP1,0,0,BP,HONEY,SD,Weissella
ASV_71,GUARDSDSC1,291,1,SC,GUARD,SD,Weissella
ASV_93,LARVAE1SDBP4,0,0,BP,LARVAE,SD,Lactobacillus
ASV_93,NURSESDSC2,4,0,SC,NURSE,SD,Lactobacillus
ASV_96,FORAGERSDBP2,0,0,BP,FORAGER,SD,Micrococcaceae
ASV_44,POLLENSDSC1,0,0,SC,POLLEN,SD,Erysipelatoclostridium
ASV_85,NURSESDSC2,0,0,SC,NURSE,SD,Tyzzerella
ASV_62,NURSESBBG2,0,0,BG,NURSE,SB,Acinetobacter
ASV_30,NURSESDBG1,11,1,BG,NURSE,SD,Klebsiella
ASV_96,HONEYSBBP4,53,0,BP,HONEY,SB,Micrococcaceae
ASV_14,FORAGERSDBP2,1494,1,BP,FORAGER,SD,Raoultella
ASV_76,LARVAE1SDBP2,0,0,BP,LARVAE,SD,Sphingobacterium
ASV_93,GUARDSBBP3,1642,0,BP,GUARD,SB,Lactobacillus
ASV_439,POLLENSBBP3,17,0,BP,POLLEN,SB,Bifidobacteriaceae
ASV_71,POLLENSBBP3,12,0,BP,POLLEN,SB,Weissella
ASV_12,HONEYSBSC2,62,1,SC,HONEY,SB,Pectinatus
ASV_86,GUARDSBSC1,0,0,SC,GUARD,SB,Acetobacteraceae
ASV_71,FORAGERSDBG1,0,0,BG,FORAGER,SD,Weissella
ASV_62,NURSESDBG1,3,0,BG,NURSE,SD,Acinetobacter
ASV_439,HONEYSBBG1,15,0,BG,HONEY,SB,Bifidobacteriaceae
ASV_543,POLLENSBBP2,0,0,BP,POLLEN,SB,Taibaiella
ASV_85,FORAGERSBBP4,0,0,BP,FORAGER,SB,Tyzzerella
ASV_83,HONEYSBBP4,49,1,BP,HONEY,SB,Corynebacterium
ASV_543,HONEYSBBG1,0,0,BG,HONEY,SB,Taibaiella
ASV_543,FOODSDBG1,0,0,BG,FOOD,SD,Taibaiella
ASV_99,HONEYSBSC1,24287,1,SC,HONEY,SB,Lactobacillaceae
ASV_543,LARVAESBSC2,0,0,SC,LARVAE,SB,Taibaiella
ASV_12,FOODSDSC2,0,0,SC,FOOD,SD,Pectinatus
ASV_484,FORAGERSDBP1,472,0,BP,FORAGER,SD,Bifidobacterium
ASV_30,NURSESBSC1,0,0,SC,NURSE,SB,Klebsiella
ASV_484,NURSESDBP2,107,0,BP,NURSE,SD,Bifidobacterium
ASV_93,GUARDSBSC1,4555,1,SC,GUARD,SB,Lactobacillus
ASV_44,FOODSDBG1,0,0,BG,FOOD,SD,Erysipelatoclostridium
ASV_99,HONEYSBBP4,27945,0,BP,HONEY,SB,Lactobacillaceae
ASV_12,HONEYSBBP3,57,1,BP,HONEY,SB,Pectinatus
ASV_543,POLLENSDSC2,0,0,SC,POLLEN,SD,Taibaiella
ASV_60,FOODSBSC1,0,0,SC,FOOD,SB,Enterobacterales
ASV_60,LARVAE2SBBP4,0,0,BP,LARVAE,SB,Enterobacterales
ASV_71,NURSESBBP4,0,0,BP,NURSE,SB,Weissella
ASV_484,NURSESBBG1,126,0,BG,NURSE,SB,Bifidobacterium
ASV_83,POLLENSDBG2,0,0,BG,POLLEN,SD,Corynebacterium
ASV_17,FORAGERSBBG2,13,1,BG,FORAGER,SB,Floricoccus
ASV_439,FOODSBSC2,0,0,SC,FOOD,SB,Bifidobacteriaceae
ASV_17,NURSESBBG1,550,1,BG,NURSE,SB,Floricoccus
ASV_62,LARVAE1SDBP4,0,0,BP,LARVAE,SD,Acinetobacter
ASV_99,FOODSDSC1,32223,0,SC,FOOD,SD,Lactobacillaceae
ASV_62,NURSESDSC2,13,0,SC,NURSE,SD,Acinetobacter
ASV_44,FORAGERSBBG1,0,0,BG,FORAGER,SB,Erysipelatoclostridium
ASV_55,LARVAE1SDBP4,0,0,BP,LARVAE,SD,Bombilactobacillus
ASV_439,GUARDSBSC2,86,0,SC,GUARD,SB,Bifidobacteriaceae
ASV_62,GUARDSBBP3,8,0,BP,GUARD,SB,Acinetobacter
ASV_99,HONEYSBBG1,17881,0,BG,HONEY,SB,Lactobacillaceae
ASV_55,NURSESBBP3,23,0,BP,NURSE,SB,Bombilactobacillus
ASV_14,POLLENSDSC1,128,1,SC,POLLEN,SD,Raoultella
ASV_60,NURSESDBP1,9,0,BP,NURSE,SD,Enterobacterales
ASV_17,FORAGERSBSC1,233,1,SC,FORAGER,SB,Floricoccus
ASV_60,FOODSBBP4,0,0,BP,FOOD,SB,Enterobacterales
ASV_543,FOODSBSC1,0,0,SC,FOOD,SB,Taibaiella
ASV_96,LARVAESDSC1,0,0,SC,LARVAE,SD,Micrococcaceae
ASV_543,HONEYSDBG2,5,0,BG,HONEY,SD,Taibaiella
ASV_86,FOODSDBP1,35,1,BP,FOOD,SD,Acetobacteraceae
ASV_96,LARVAE1SBBP4,0,0,BP,LARVAE,SB,Micrococcaceae
ASV_71,LARVAESDSC1,0,0,SC,LARVAE,SD,Weissella
ASV_86,NURSESDSC1,76,0,SC,NURSE,SD,Acetobacteraceae
ASV_543,LARVAE2SBBP4,0,0,BP,LARVAE,SB,Taibaiella
ASV_83,NURSESDBG1,0,0,BG,NURSE,SD,Corynebacterium
ASV_85,FOODSBBG2,1403,1,BG,FOOD,SB,Tyzzerella
ASV_76,FORAGERSDBP2,93,0,BP,FORAGER,SD,Sphingobacterium
ASV_17,FORAGERSDBG1,581,1,BG,FORAGER,SD,Floricoccus
ASV_484,HONEYSDBG1,0,0,BG,HONEY,SD,Bifidobacterium
ASV_71,LARVAE1SDBP2,0,0,BP,LARVAE,SD,Weissella
ASV_83,GUARDSDBG1,101,0,BG,GUARD,SD,Corynebacterium
ASV_14,LARVAESBBP2,0,0,BP,LARVAE,SB,Raoultella
ASV_30,NURSESDSC2,0,0,SC,NURSE,SD,Klebsiella
ASV_71,NURSESBBG1,8,0,BG,NURSE,SB,Weissella
ASV_83,FOODSBSC2,0,0,SC,FOOD,SB,Corynebacterium
ASV_99,FOODSDBG1,6203,0,BG,FOOD,SD,Lactobacillaceae
ASV_62,GUARDSBSC1,28,0,SC,GUARD,SB,Acinetobacter
ASV_44,HONEYSDBG2,4,0,BG,HONEY,SD,Erysipelatoclostridium
ASV_76,HONEYSDSC2,0,0,SC,HONEY,SD,Sphingobacterium
ASV_44,FOODSBBP3,0,0,BP,FOOD,SB,Erysipelatoclostridium
ASV_439,NURSESDBG2,155,0,BG,NURSE,SD,Bifidobacteriaceae
ASV_439,FOODSDBP1,0,0,BP,FOOD,SD,Bifidobacteriaceae
ASV_12,FORAGERSDBP2,2362,1,BP,FORAGER,SD,Pectinatus
ASV_44,FOODSBSC1,0,0,SC,FOOD,SB,Erysipelatoclostridium
ASV_14,HONEYSDBG1,46,1,BG,HONEY,SD,Raoultella
ASV_71,HONEYSBSC2,4,1,SC,HONEY,SB,Weissella
ASV_71,FOODSDSC1,0,0,SC,FOOD,SD,Weissella
ASV_543,HONEYSBSC2,0,0,SC,HONEY,SB,Taibaiella
ASV_55,POLLENSDBP1,3,0,BP,POLLEN,SD,Bombilactobacillus
ASV_99,FOODSBSC2,16247,0,SC,FOOD,SB,Lactobacillaceae
ASV_30,FORAGERSBBP4,0,0,BP,FORAGER,SB,Klebsiella
ASV_14,POLLENSDBP2,21,1,BP,POLLEN,SD,Raoultella
ASV_17,NURSESBBG2,178,1,BG,NURSE,SB,Floricoccus
ASV_86,NURSESDBG1,212,0,BG,NURSE,SD,Acetobacteraceae
ASV_71,GUARDSDSC2,488,1,SC,GUARD,SD,Weissella
ASV_83,POLLENSDSC1,0,0,SC,POLLEN,SD,Corynebacterium
ASV_85,FORAGERSBBG1,0,0,BG,FORAGER,SB,Tyzzerella
ASV_543,FOODSDSC2,0,0,SC,FOOD,SD,Taibaiella
ASV_55,LARVAE2SBBP4,0,0,BP,LARVAE,SB,Bombilactobacillus
ASV_83,POLLENSBBP2,0,0,BP,POLLEN,SB,Corynebacterium
ASV_439,HONEYSDSC1,578,0,SC,HONEY,SD,Bifidobacteriaceae
ASV_439,HONEYSBBG2,0,0,BG,HONEY,SB,Bifidobacteriaceae
ASV_86,NURSESBSC2,133,0,SC,NURSE,SB,Acetobacteraceae
ASV_17,FORAGERSBSC2,5,1,SC,FORAGER,SB,Floricoccus
ASV_85,GUARDSDSC1,0,0,SC,GUARD,SD,Tyzzerella
ASV_71,FORAGERSDBG2,0,0,BG,FORAGER,SD,Weissella
ASV_76,FORAGERSBBP3,0,0,BP,FORAGER,SB,Sphingobacterium
ASV_484,FOODSDBP1,0,0,BP,FOOD,SD,Bifidobacterium
ASV_76,HONEYSDBG2,15,0,BG,HONEY,SD,Sphingobacterium
ASV_14,HONEYSBSC1,8256,1,SC,HONEY,SB,Raoultella
ASV_99,NURSESDBP2,19444,0,BP,NURSE,SD,Lactobacillaceae
ASV_17,NURSESBSC1,1592,1,SC,NURSE,SB,Floricoccus
ASV_17,FORAGERSDBG2,0,0,BG,FORAGER,SD,Floricoccus
ASV_93,POLLENSBBP2,0,0,BP,POLLEN,SB,Lactobacillus
ASV_17,NURSESDBG1,643,1,BG,NURSE,SD,Floricoccus
ASV_99,FOODSBBG2,7216,0,BG,FOOD,SB,Lactobacillaceae
ASV_543,HONEYSBBP3,10,0,BP,HONEY,SB,Taibaiella
ASV_44,HONEYSBBP4,0,0,BP,HONEY,SB,Erysipelatoclostridium
ASV_439,FORAGERSDBG1,827,0,BG,FORAGER,SD,Bifidobacteriaceae
ASV_14,FOODSDSC1,0,0,SC,FOOD,SD,Raoultella
ASV_60,POLLENSDSC1,109,1,SC,POLLEN,SD,Enterobacterales
ASV_30,FOODSBBG2,0,0,BG,FOOD,SB,Klebsiella
ASV_96,FOODSDBG1,0,0,BG,FOOD,SD,Micrococcaceae
ASV_44,HONEYSBSC2,0,0,SC,HONEY,SB,Erysipelatoclostridium
ASV_93,POLLENSDBP1,0,0,BP,POLLEN,SD,Lactobacillus
ASV_60,LARVAE1SBBP4,0,0,BP,LARVAE,SB,Enterobacterales
ASV_99,LARVAESBBP2,24948,0,BP,LARVAE,SB,Lactobacillaceae
ASV_86,NURSESBBG2,248,1,BG,NURSE,SB,Acetobacteraceae
ASV_85,FORAGERSDBG2,0,0,BG,FORAGER,SD,Tyzzerella
ASV_99,LARVAE1SDBP4,15938,0,BP,LARVAE,SD,Lactobacillaceae
ASV_12,POLLENSDSC1,2,1,SC,POLLEN,SD,Pectinatus
ASV_17,FOODSDBP1,0,0,BP,FOOD,SD,Floricoccus
ASV_93,HONEYSDBG2,0,0,BG,HONEY,SD,Lactobacillus
ASV_76,GUARDSBSC1,113,1,SC,GUARD,SB,Sphingobacterium
ASV_55,NURSESBBP4,7,0,BP,NURSE,SB,Bombilactobacillus
ASV_44,GUARDSDBG1,0,0,BG,GUARD,SD,Erysipelatoclostridium
ASV_83,HONEYSDBP1,0,0,BP,HONEY,SD,Corynebacterium
ASV_60,POLLENSDBG1,15,0,BG,POLLEN,SD,Enterobacterales
ASV_12,LARVAESBBP2,0,0,BP,LARVAE,SB,Pectinatus
ASV_14,FOODSDBP2,51,1,BP,FOOD,SD,Raoultella
ASV_96,FORAGERSBSC1,0,0,SC,FORAGER,SB,Micrococcaceae
ASV_484,FORAGERSBSC2,234,0,SC,FORAGER,SB,Bifidobacterium
ASV_99,NURSESBBP3,10866,0,BP,NURSE,SB,Lactobacillaceae
ASV_439,LARVAESDSC1,0,0,SC,LARVAE,SD,Bifidobacteriaceae
ASV_543,FORAGERSDBP2,6,0,BP,FORAGER,SD,Taibaiella
ASV_30,FORAGERSBBG1,0,0,BG,FORAGER,SB,Klebsiella
ASV_12,HONEYSDBG1,0,0,BG,HONEY,SD,Pectinatus
ASV_44,FOODSDBP1,0,0,BP,FOOD,SD,Erysipelatoclostridium
ASV_85,FOODSBBP4,0,0,BP,FOOD,SB,Tyzzerella
ASV_14,HONEYSDSC2,224,1,SC,HONEY,SD,Raoultella
ASV_17,NURSESBSC2,318,1,SC,NURSE,SB,Floricoccus
ASV_17,NURSESDBG2,0,0,BG,NURSE,SD,Floricoccus
ASV_55,POLLENSDBP2,2,0,BP,POLLEN,SD,Bombilactobacillus
ASV_30,GUARDSDSC1,44,0,SC,GUARD,SD,Klebsiella
ASV_85,FORAGERSBSC2,0,0,SC,FORAGER,SB,Tyzzerella
ASV_12,POLLENSDBP2,0,0,BP,POLLEN,SD,Pectinatus
ASV_62,POLLENSBBP2,0,0,BP,POLLEN,SB,Acinetobacter
ASV_71,NURSESBBG2,0,0,BG,NURSE,SB,Weissella
ASV_83,NURSESBBP4,0,0,BP,NURSE,SB,Corynebacterium
ASV_439,FOODSDBP2,0,0,BP,FOOD,SD,Bifidobacteriaceae
ASV_71,FOODSDSC2,0,0,SC,FOOD,SD,Weissella
ASV_99,POLLENSDSC2,12202,0,SC,POLLEN,SD,Lactobacillaceae
ASV_17,LARVAE2SBBP4,0,0,BP,LARVAE,SB,Floricoccus
ASV_484,HONEYSBBP4,42,0,BP,HONEY,SB,Bifidobacterium
ASV_83,FORAGERSDSC2,0,0,SC,FORAGER,SD,Corynebacterium
ASV_17,FOODSBBP3,0,0,BP,FOOD,SB,Floricoccus
ASV_62,POLLENSDBP1,90,1,BP,POLLEN,SD,Acinetobacter
ASV_17,FORAGERSDSC2,148,1,SC,FORAGER,SD,Floricoccus
ASV_83,FORAGERSBBP3,0,0,BP,FORAGER,SB,Corynebacterium
ASV_439,NURSESBBG1,766,0,BG,NURSE,SB,Bifidobacteriaceae
ASV_60,FORAGERSBSC1,385,0,SC,FORAGER,SB,Enterobacterales
ASV_14,FORAGERSDBP1,0,0,BP,FORAGER,SD,Raoultella
ASV_96,FORAGERSBSC2,0,0,SC,FORAGER,SB,Micrococcaceae
ASV_55,FORAGERSBBP3,379,0,BP,FORAGER,SB,Bombilactobacillus
ASV_86,POLLENSDBP2,401,0,BP,POLLEN,SD,Acetobacteraceae
ASV_62,HONEYSDBG2,949,1,BG,HONEY,SD,Acinetobacter
ASV_12,HONEYSBSC1,0,0,SC,HONEY,SB,Pectinatus
ASV_17,NURSESDSC1,343,1,SC,NURSE,SD,Floricoccus
ASV_60,GUARDSDSC1,13,0,SC,GUARD,SD,Enterobacterales
ASV_439,HONEYSDSC2,0,0,SC,HONEY,SD,Bifidobacteriaceae
ASV_44,GUARDSBBP3,0,0,BP,GUARD,SB,Erysipelatoclostridium
ASV_85,NURSESDSC1,0,0,SC,NURSE,SD,Tyzzerella
ASV_76,FOODSDBP1,0,0,BP,FOOD,SD,Sphingobacterium
ASV_44,GUARDSBSC1,0,0,SC,GUARD,SB,Erysipelatoclostridium
ASV_83,LARVAESBSC2,0,0,SC,LARVAE,SB,Corynebacterium
ASV_76,NURSESDSC1,75,1,SC,NURSE,SD,Sphingobacterium
ASV_60,FORAGERSBBP4,0,0,BP,FORAGER,SB,Enterobacterales
ASV_85,LARVAE1SDBP2,406,1,BP,LARVAE,SD,Tyzzerella
ASV_86,FORAGERSDBP1,14,0,BP,FORAGER,SD,Acetobacteraceae
ASV_484,POLLENSDBG2,0,0,BG,POLLEN,SD,Bifidobacterium
ASV_55,FOODSDSC1,0,0,SC,FOOD,SD,Bombilactobacillus
ASV_12,FOODSDSC1,0,0,SC,FOOD,SD,Pectinatus
ASV_60,FORAGERSBBG1,0,0,BG,FORAGER,SB,Enterobacterales
ASV_55,FOODSBBG2,0,0,BG,FOOD,SB,Bombilactobacillus
ASV_17,FOODSDBP2,0,0,BP,FOOD,SD,Floricoccus
ASV_60,HONEYSDBP1,109,0,BP,HONEY,SD,Enterobacterales
ASV_85,FORAGERSBBP3,0,0,BP,FORAGER,SB,Tyzzerella
ASV_99,POLLENSDBG2,21770,0,BG,POLLEN,SD,Lactobacillaceae
ASV_55,GUARDSDSC1,359,1,SC,GUARD,SD,Bombilactobacillus
ASV_30,FORAGERSDBG2,0,0,BG,FORAGER,SD,Klebsiella
ASV_439,FORAGERSDBG2,503,0,BG,FORAGER,SD,Bifidobacteriaceae
ASV_93,FORAGERSBBP3,993,0,BP,FORAGER,SB,Lactobacillus
ASV_484,GUARDSDBG1,1879,0,BG,GUARD,SD,Bifidobacterium
ASV_99,FORAGERSDBG1,12489,0,BG,FORAGER,SD,Lactobacillaceae
ASV_85,NURSESDBP2,0,0,BP,NURSE,SD,Tyzzerella
ASV_543,POLLENSDSC1,0,0,SC,POLLEN,SD,Taibaiella
ASV_60,GUARDSDBG1,0,0,BG,GUARD,SD,Enterobacterales
ASV_93,FOODSDBP1,0,0,BP,FOOD,SD,Lactobacillus
ASV_484,NURSESDBG1,257,0,BG,NURSE,SD,Bifidobacterium
ASV_86,HONEYSDSC1,50,0,SC,HONEY,SD,Acetobacteraceae
ASV_543,LARVAESBBP2,0,0,BP,LARVAE,SB,Taibaiella
ASV_17,HONEYSBBG1,23,1,BG,HONEY,SB,Floricoccus
ASV_55,LARVAE1SBBP4,0,0,BP,LARVAE,SB,Bombilactobacillus
ASV_85,POLLENSDBG2,0,0,BG,POLLEN,SD,Tyzzerella
ASV_99,FORAGERSBSC2,7390,0,SC,FORAGER,SB,Lactobacillaceae
ASV_17,FOODSBBP4,0,0,BP,FOOD,SB,Floricoccus
ASV_76,NURSESDBG1,8,0,BG,NURSE,SD,Sphingobacterium
ASV_12,FOODSDBP2,9,1,BP,FOOD,SD,Pectinatus
ASV_86,POLLENSBBP3,264,0,BP,POLLEN,SB,Acetobacteraceae
ASV_484,FOODSBSC2,0,0,SC,FOOD,SB,Bifidobacterium
ASV_60,GUARDSBSC2,0,0,SC,GUARD,SB,Enterobacterales
ASV_93,FORAGERSDBP2,806,0,BP,FORAGER,SD,Lactobacillus
ASV_30,FOODSBBP4,0,0,BP,FOOD,SB,Klebsiella
ASV_99,GUARDSDSC2,151,0,SC,GUARD,SD,Lactobacillaceae
ASV_543,HONEYSDBG1,0,0,BG,HONEY,SD,Taibaiella
ASV_76,NURSESBSC2,0,0,SC,NURSE,SB,Sphingobacterium
ASV_93,GUARDSDBG1,3374,0,BG,GUARD,SD,Lactobacillus
ASV_17,NURSESDSC2,2365,1,SC,NURSE,SD,Floricoccus
ASV_30,FORAGERSBSC2,0,0,SC,FORAGER,SB,Klebsiella
ASV_93,FORAGERSBSC1,2430,0,SC,FORAGER,SB,Lactobacillus
ASV_12,HONEYSDSC2,0,0,SC,HONEY,SD,Pectinatus
ASV_14,NURSESBBG2,4,1,BG,NURSE,SB,Raoultella
ASV_17,POLLENSBBP2,0,0,BP,POLLEN,SB,Floricoccus
ASV_484,POLLENSDSC1,5,0,SC,POLLEN,SD,Bifidobacterium
ASV_543,POLLENSDBP2,0,0,BP,POLLEN,SD,Taibaiella
ASV_484,POLLENSBBP2,0,0,BP,POLLEN,SB,Bifidobacterium
ASV_30,NURSESDSC1,0,0,SC,NURSE,SD,Klebsiella
ASV_86,HONEYSDBG1,5,0,BG,HONEY,SD,Acetobacteraceae
ASV_83,FOODSDSC2,0,0,SC,FOOD,SD,Corynebacterium
ASV_83,FOODSBBP3,0,0,BP,FOOD,SB,Corynebacterium
ASV_99,FORAGERSBBG2,713,0,BG,FORAGER,SB,Lactobacillaceae
ASV_96,NURSESDSC1,33,0,SC,NURSE,SD,Micrococcaceae
ASV_55,HONEYSDBG1,3,0,BG,HONEY,SD,Bombilactobacillus
ASV_83,HONEYSBSC2,15,1,SC,HONEY,SB,Corynebacterium
ASV_12,FORAGERSDBP1,619,1,BP,FORAGER,SD,Pectinatus
ASV_93,GUARDSDSC2,1759,1,SC,GUARD,SD,Lactobacillus
ASV_44,NURSESDBG1,0,0,BG,NURSE,SD,Erysipelatoclostridium
ASV_71,LARVAE1SDBP4,0,0,BP,LARVAE,SD,Weissella
ASV_86,HONEYSBSC2,8,0,SC,HONEY,SB,Acetobacteraceae
ASV_543,HONEYSBSC1,0,0,SC,HONEY,SB,Taibaiella
ASV_62,FOODSDBP1,0,0,BP,FOOD,SD,Acinetobacter
ASV_30,FORAGERSBBP3,0,0,BP,FORAGER,SB,Klebsiella
ASV_14,LARVAESDSC1,0,0,SC,LARVAE,SD,Raoultella
ASV_17,POLLENSDBP1,0,0,BP,POLLEN,SD,Floricoccus
ASV_60,LARVAESDSC1,35,0,SC,LARVAE,SD,Enterobacterales
ASV_62,FORAGERSBBP3,0,0,BP,FORAGER,SB,Acinetobacter
ASV_439,NURSESDSC1,579,0,SC,NURSE,SD,Bifidobacteriaceae
ASV_30,LARVAE1SDBP2,0,0,BP,LARVAE,SD,Klebsiella
ASV_83,POLLENSDBP2,0,0,BP,POLLEN,SD,Corynebacterium
ASV_76,NURSESBBG2,0,0,BG,NURSE,SB,Sphingobacterium
ASV_439,NURSESBBG2,2000,0,BG,NURSE,SB,Bifidobacteriaceae
ASV_14,POLLENSDBP1,143,1,BP,POLLEN,SD,Raoultella
ASV_85,HONEYSBBG2,0,0,BG,HONEY,SB,Tyzzerella
ASV_17,HONEYSBBG2,8,1,BG,HONEY,SB,Floricoccus
ASV_96,FOODSDBP1,0,0,BP,FOOD,SD,Micrococcaceae
ASV_62,FORAGERSDBP2,8,1,BP,FORAGER,SD,Acinetobacter
ASV_55,FORAGERSBBP4,755,0,BP,FORAGER,SB,Bombilactobacillus
ASV_44,LARVAESBSC2,262,0,SC,LARVAE,SB,Erysipelatoclostridium
ASV_543,FOODSDSC1,0,0,SC,FOOD,SD,Taibaiella
ASV_30,NURSESDBP2,0,0,BP,NURSE,SD,Klebsiella
ASV_60,FOODSDBP2,26,0,BP,FOOD,SD,Enterobacterales
ASV_85,POLLENSBBP3,0,0,BP,POLLEN,SB,Tyzzerella
ASV_62,GUARDSDBG1,46,0,BG,GUARD,SD,Acinetobacter
ASV_71,LARVAESBBP2,0,0,BP,LARVAE,SB,Weissella
ASV_62,FORAGERSBSC1,5,0,SC,FORAGER,SB,Acinetobacter
ASV_60,NURSESDSC2,0,0,SC,NURSE,SD,Enterobacterales
ASV_86,FOODSDSC2,293,1,SC,FOOD,SD,Acetobacteraceae
ASV_30,POLLENSDBG2,0,0,BG,POLLEN,SD,Klebsiella
ASV_17,HONEYSBSC1,5,1,SC,HONEY,SB,Floricoccus
ASV_439,HONEYSBSC1,0,0,SC,HONEY,SB,Bifidobacteriaceae
ASV_55,FOODSDSC2,0,0,SC,FOOD,SD,Bombilactobacillus
ASV_96,NURSESDSC2,0,0,SC,NURSE,SD,Micrococcaceae
ASV_96,HONEYSDSC1,758,1,SC,HONEY,SD,Micrococcaceae
ASV_83,NURSESDBP1,0,0,BP,NURSE,SD,Corynebacterium
ASV_86,GUARDSBBP3,0,0,BP,GUARD,SB,Acetobacteraceae
ASV_93,NURSESDBP1,801,0,BP,NURSE,SD,Lactobacillus
ASV_17,POLLENSBBP3,22,1,BP,POLLEN,SB,Floricoccus
ASV_484,HONEYSDBP1,0,0,BP,HONEY,SD,Bifidobacterium
ASV_86,HONEYSBBG2,4,0,BG,HONEY,SB,Acetobacteraceae
ASV_55,GUARDSDSC2,788,1,SC,GUARD,SD,Bombilactobacillus
ASV_17,HONEYSDBG1,7,1,BG,HONEY,SD,Floricoccus
ASV_71,HONEYSDBG1,0,0,BG,HONEY,SD,Weissella
ASV_99,HONEYSBBP3,21439,0,BP,HONEY,SB,Lactobacillaceae
ASV_439,FORAGERSBBG1,827,0,BG,FORAGER,SB,Bifidobacteriaceae
ASV_543,FOODSDBP2,0,0,BP,FOOD,SD,Taibaiella
ASV_44,POLLENSDSC2,0,0,SC,POLLEN,SD,Erysipelatoclostridium
ASV_96,FOODSDBP2,0,0,BP,FOOD,SD,Micrococcaceae
ASV_44,NURSESBBP3,0,0,BP,NURSE,SB,Erysipelatoclostridium
ASV_71,GUARDSBBP3,44,1,BP,GUARD,SB,Weissella
ASV_44,NURSESBSC1,0,0,SC,NURSE,SB,Erysipelatoclostridium
ASV_60,LARVAESBSC2,0,0,SC,LARVAE,SB,Enterobacterales
ASV_44,LARVAE1SDBP4,520,0,BP,LARVAE,SD,Erysipelatoclostridium
ASV_85,FOODSBSC2,0,0,SC,FOOD,SB,Tyzzerella
ASV_60,NURSESDBG2,0,0,BG,NURSE,SD,Enterobacterales
ASV_62,GUARDSDSC2,137,0,SC,GUARD,SD,Acinetobacter
ASV_17,POLLENSDBP2,0,0,BP,POLLEN,SD,Floricoccus
ASV_543,HONEYSDSC2,0,0,SC,HONEY,SD,Taibaiella
ASV_12,NURSESBBG2,0,0,BG,NURSE,SB,Pectinatus
ASV_85,FORAGERSDBG1,0,0,BG,FORAGER,SD,Tyzzerella
ASV_76,POLLENSDBP2,0,0,BP,POLLEN,SD,Sphingobacterium
ASV_60,FOODSBBP3,0,0,BP,FOOD,SB,Enterobacterales
ASV_96,HONEYSDSC2,0,0,SC,HONEY,SD,Micrococcaceae
ASV_484,FORAGERSDSC2,133,0,SC,FORAGER,SD,Bifidobacterium
ASV_484,FORAGERSBBP3,168,0,BP,FORAGER,SB,Bifidobacterium
ASV_14,LARVAE1SBBP4,0,0,BP,LARVAE,SB,Raoultella
ASV_44,POLLENSBBP2,12,0,BP,POLLEN,SB,Erysipelatoclostridium
ASV_484,NURSESBBP4,0,0,BP,NURSE,SB,Bifidobacterium
ASV_14,FOODSDBP1,0,0,BP,FOOD,SD,Raoultella
ASV_76,FORAGERSDBP1,0,0,BP,FORAGER,SD,Sphingobacterium
ASV_96,GUARDSBSC1,10,0,SC,GUARD,SB,Micrococcaceae
ASV_543,FORAGERSDBP1,0,0,BP,FORAGER,SD,Taibaiella
ASV_62,NURSESDBP1,0,0,BP,NURSE,SD,Acinetobacter
ASV_14,NURSESBBP4,0,0,BP,NURSE,SB,Raoultella
ASV_85,FOODSBBP3,0,0,BP,FOOD,SB,Tyzzerella
ASV_14,HONEYSDSC1,2665,1,SC,HONEY,SD,Raoultella
ASV_12,LARVAESDSC1,0,0,SC,LARVAE,SD,Pectinatus
ASV_76,HONEYSDSC1,165,1,SC,HONEY,SD,Sphingobacterium
ASV_30,HONEYSBBG2,0,0,BG,HONEY,SB,Klebsiella
ASV_85,FORAGERSBSC1,0,0,SC,FORAGER,SB,Tyzzerella
ASV_12,POLLENSDBP1,0,0,BP,POLLEN,SD,Pectinatus
ASV_17,HONEYSBSC2,144,1,SC,HONEY,SB,Floricoccus
ASV_17,HONEYSDBG2,0,0,BG,HONEY,SD,Floricoccus
ASV_55,HONEYSDBG2,21,0,BG,HONEY,SD,Bombilactobacillus
ASV_44,FORAGERSBBG2,0,0,BG,FORAGER,SB,Erysipelatoclostridium
ASV_484,LARVAESBSC2,0,0,SC,LARVAE,SB,Bifidobacterium
ASV_99,FOODSBSC1,17570,0,SC,FOOD,SB,Lactobacillaceae
ASV_30,POLLENSBBP3,53,1,BP,POLLEN,SB,Klebsiella
ASV_55,POLLENSBBP2,0,0,BP,POLLEN,SB,Bombilactobacillus
ASV_439,NURSESDSC2,0,0,SC,NURSE,SD,Bifidobacteriaceae
ASV_60,LARVAE1SDBP2,0,0,BP,LARVAE,SD,Enterobacterales
ASV_71,NURSESBSC1,0,0,SC,NURSE,SB,Weissella
ASV_76,POLLENSBBP3,6,1,BP,POLLEN,SB,Sphingobacterium
ASV_96,FORAGERSBBG1,0,0,BG,FORAGER,SB,Micrococcaceae
ASV_71,NURSESDBP1,12,0,BP,NURSE,SD,Weissella
ASV_17,HONEYSDSC1,343,1,SC,HONEY,SD,Floricoccus
ASV_99,LARVAE2SBBP4,19547,0,BP,LARVAE,SB,Lactobacillaceae
ASV_83,FORAGERSBBG2,0,0,BG,FORAGER,SB,Corynebacterium
ASV_99,FOODSBBP4,26610,0,BP,FOOD,SB,Lactobacillaceae
ASV_439,HONEYSBSC2,51,0,SC,HONEY,SB,Bifidobacteriaceae
ASV_86,NURSESBSC1,258,1,SC,NURSE,SB,Acetobacteraceae
ASV_76,HONEYSDBG1,0,0,BG,HONEY,SD,Sphingobacterium
ASV_96,GUARDSBSC2,16,0,SC,GUARD,SB,Micrococcaceae
ASV_99,NURSESDBP1,20097,0,BP,NURSE,SD,Lactobacillaceae
ASV_55,FOODSBSC1,0,0,SC,FOOD,SB,Bombilactobacillus
ASV_85,HONEYSBBP4,0,0,BP,HONEY,SB,Tyzzerella
ASV_93,POLLENSDSC1,0,0,SC,POLLEN,SD,Lactobacillus
ASV_439,POLLENSDBG1,0,0,BG,POLLEN,SD,Bifidobacteriaceae
ASV_44,FOODSBBP4,0,0,BP,FOOD,SB,Erysipelatoclostridium
ASV_44,FOODSBSC2,0,0,SC,FOOD,SB,Erysipelatoclostridium
ASV_71,FORAGERSDSC2,0,0,SC,FORAGER,SD,Weissella
ASV_30,FOODSBSC2,0,0,SC,FOOD,SB,Klebsiella
ASV_76,HONEYSBSC2,11,0,SC,HONEY,SB,Sphingobacterium
ASV_86,NURSESBBP4,305,0,BP,NURSE,SB,Acetobacteraceae
ASV_44,NURSESDBP1,0,0,BP,NURSE,SD,Erysipelatoclostridium
ASV_30,FORAGERSDBG1,0,0,BG,FORAGER,SD,Klebsiella
ASV_439,FORAGERSBBG2,767,0,BG,FORAGER,SB,Bifidobacteriaceae
ASV_543,NURSESBBG2,0,0,BG,NURSE,SB,Taibaiella
ASV_71,FOODSBBP3,4,0,BP,FOOD,SB,Weissella
ASV_55,GUARDSBSC1,2136,0,SC,GUARD,SB,Bombilactobacillus
ASV_85,NURSESDBP1,0,0,BP,NURSE,SD,Tyzzerella
ASV_85,FORAGERSDSC2,0,0,SC,FORAGER,SD,Tyzzerella
ASV_71,HONEYSDBG2,15,0,BG,HONEY,SD,Weissella
ASV_484,FOODSDSC2,0,0,SC,FOOD,SD,Bifidobacterium
ASV_86,NURSESBBG1,578,0,BG,NURSE,SB,Acetobacteraceae
ASV_17,LARVAE1SDBP2,0,0,BP,LARVAE,SD,Floricoccus
ASV_96,FORAGERSBBG2,0,0,BG,FORAGER,SB,Micrococcaceae
ASV_484,FOODSBBP3,0,0,BP,FOOD,SB,Bifidobacterium
ASV_14,GUARDSBSC2,0,0,SC,GUARD,SB,Raoultella
ASV_12,LARVAE1SBBP4,0,0,BP,LARVAE,SB,Pectinatus
ASV_44,HONEYSBBG1,0,0,BG,HONEY,SB,Erysipelatoclostridium
ASV_85,POLLENSDBG1,0,0,BG,POLLEN,SD,Tyzzerella
ASV_12,FOODSDBP1,0,0,BP,FOOD,SD,Pectinatus
ASV_83,GUARDSBSC2,0,0,SC,GUARD,SB,Corynebacterium
ASV_30,FOODSBBP3,0,0,BP,FOOD,SB,Klebsiella
ASV_83,NURSESBSC2,0,0,SC,NURSE,SB,Corynebacterium
ASV_71,POLLENSDBP1,0,0,BP,POLLEN,SD,Weissella
ASV_484,HONEYSBSC2,14,0,SC,HONEY,SB,Bifidobacterium
ASV_76,HONEYSBBG2,0,0,BG,HONEY,SB,Sphingobacterium
ASV_439,HONEYSDBP1,6,0,BP,HONEY,SD,Bifidobacteriaceae
ASV_30,FORAGERSBSC1,0,0,SC,FORAGER,SB,Klebsiella
ASV_543,LARVAESDSC1,0,0,SC,LARVAE,SD,Taibaiella
ASV_12,HONEYSDSC1,0,0,SC,HONEY,SD,Pectinatus
ASV_14,NURSESBBG1,5,1,BG,NURSE,SB,Raoultella
ASV_60,FORAGERSDBP2,3349,1,BP,FORAGER,SD,Enterobacterales
ASV_76,FOODSDSC2,0,0,SC,FOOD,SD,Sphingobacterium
ASV_17,HONEYSDSC2,20,1,SC,HONEY,SD,Floricoccus
ASV_83,FORAGERSBSC1,0,0,SC,FORAGER,SB,Corynebacterium
ASV_543,POLLENSDBP1,0,0,BP,POLLEN,SD,Taibaiella
ASV_12,NURSESBBP4,0,0,BP,NURSE,SB,Pectinatus
ASV_439,LARVAESBSC2,0,0,SC,LARVAE,SB,Bifidobacteriaceae
ASV_76,GUARDSBBP3,51,1,BP,GUARD,SB,Sphingobacterium
ASV_62,POLLENSDSC1,19,0,SC,POLLEN,SD,Acinetobacter
ASV_93,FORAGERSBBG2,2091,0,BG,FORAGER,SB,Lactobacillus
ASV_484,POLLENSDBP2,12,0,BP,POLLEN,SD,Bifidobacterium
ASV_55,NURSESDBG1,305,1,BG,NURSE,SD,Bombilactobacillus
ASV_86,FORAGERSDSC2,100,1,SC,FORAGER,SD,Acetobacteraceae
ASV_60,HONEYSDSC2,25,0,SC,HONEY,SD,Enterobacterales
ASV_93,FOODSBBP4,0,0,BP,FOOD,SB,Lactobacillus
ASV_55,POLLENSBBP3,4,0,BP,POLLEN,SB,Bombilactobacillus
ASV_55,HONEYSBBG1,9,0,BG,HONEY,SB,Bombilactobacillus
ASV_99,POLLENSDSC1,15137,0,SC,POLLEN,SD,Lactobacillaceae
ASV_17,LARVAE1SBBP4,4,1,BP,LARVAE,SB,Floricoccus
ASV_439,FOODSBBP3,0,0,BP,FOOD,SB,Bifidobacteriaceae
ASV_83,HONEYSDSC2,7,0,SC,HONEY,SD,Corynebacterium
ASV_14,GUARDSBBP3,0,0,BP,GUARD,SB,Raoultella
ASV_83,HONEYSBBP3,158,1,BP,HONEY,SB,Corynebacterium
ASV_93,FORAGERSDBG1,4980,0,BG,FORAGER,SD,Lactobacillus
ASV_83,FOODSBBG2,0,0,BG,FOOD,SB,Corynebacterium
ASV_439,NURSESBSC1,513,0,SC,NURSE,SB,Bifidobacteriaceae
ASV_99,LARVAE1SBBP4,17362,0,BP,LARVAE,SB,Lactobacillaceae
ASV_71,NURSESBSC2,6,0,SC,NURSE,SB,Weissella
ASV_71,NURSESDBP2,0,0,BP,NURSE,SD,Weissella
ASV_484,NURSESDBP1,42,0,BP,NURSE,SD,Bifidobacterium
ASV_93,HONEYSBBP3,48,0,BP,HONEY,SB,Lactobacillus
ASV_93,FOODSBSC2,0,0,SC,FOOD,SB,Lactobacillus
ASV_96,POLLENSBBP2,0,0,BP,POLLEN,SB,Micrococcaceae
ASV_86,POLLENSDBP1,33,0,BP,POLLEN,SD,Acetobacteraceae
ASV_30,HONEYSBBP4,0,0,BP,HONEY,SB,Klebsiella
ASV_85,HONEYSBBG1,0,0,BG,HONEY,SB,Tyzzerella
ASV_44,FORAGERSDSC2,0,0,SC,FORAGER,SD,Erysipelatoclostridium
ASV_439,GUARDSBBP3,1678,0,BP,GUARD,SB,Bifidobacteriaceae
ASV_85,LARVAESBSC2,796,1,SC,LARVAE,SB,Tyzzerella
ASV_30,NURSESDBP1,0,0,BP,NURSE,SD,Klebsiella
ASV_93,FOODSDSC1,0,0,SC,FOOD,SD,Lactobacillus
ASV_83,POLLENSDBG1,2,0,BG,POLLEN,SD,Corynebacterium
ASV_30,FORAGERSDSC2,0,0,SC,FORAGER,SD,Klebsiella
ASV_86,FORAGERSDBG2,102,1,BG,FORAGER,SD,Acetobacteraceae
ASV_85,POLLENSBBP2,0,0,BP,POLLEN,SB,Tyzzerella
ASV_14,NURSESDBG2,0,0,BG,NURSE,SD,Raoultella
ASV_60,FORAGERSBBP3,9,0,BP,FORAGER,SB,Enterobacterales
ASV_60,HONEYSDBG2,99,0,BG,HONEY,SD,Enterobacterales
ASV_44,FOODSDBP2,0,0,BP,FOOD,SD,Erysipelatoclostridium
ASV_85,FOODSDBG1,0,0,BG,FOOD,SD,Tyzzerella
ASV_96,FOODSBSC1,0,0,SC,FOOD,SB,Micrococcaceae
ASV_30,POLLENSDBG1,0,0,BG,POLLEN,SD,Klebsiella
ASV_93,FORAGERSDSC2,1530,0,SC,FORAGER,SD,Lactobacillus
ASV_96,NURSESDBG1,0,0,BG,NURSE,SD,Micrococcaceae
ASV_55,FOODSBSC2,0,0,SC,FOOD,SB,Bombilactobacillus
ASV_99,POLLENSDBG1,21486,0,BG,POLLEN,SD,Lactobacillaceae
ASV_439,POLLENSDBG2,0,0,BG,POLLEN,SD,Bifidobacteriaceae
ASV_85,POLLENSDSC2,0,0,SC,POLLEN,SD,Tyzzerella
ASV_93,HONEYSBSC1,0,0,SC,HONEY,SB,Lactobacillus
ASV_62,FOODSBBP4,10,0,BP,FOOD,SB,Acinetobacter
ASV_17,GUARDSBBP3,38,1,BP,GUARD,SB,Floricoccus
ASV_543,LARVAE1SBBP4,0,0,BP,LARVAE,SB,Taibaiella
ASV_62,FORAGERSBBG2,0,0,BG,FORAGER,SB,Acinetobacter
ASV_439,FORAGERSDSC2,366,0,SC,FORAGER,SD,Bifidobacteriaceae
ASV_71,FOODSBBP4,0,0,BP,FOOD,SB,Weissella
ASV_543,FOODSDBP1,0,0,BP,FOOD,SD,Taibaiella
ASV_96,POLLENSBBP3,14,0,BP,POLLEN,SB,Micrococcaceae
ASV_55,GUARDSBSC2,130,0,SC,GUARD,SB,Bombilactobacillus
ASV_62,FORAGERSDBG1,7,0,BG,FORAGER,SD,Acinetobacter
ASV_14,NURSESBSC2,15,1,SC,NURSE,SB,Raoultella
ASV_12,GUARDSBSC2,0,0,SC,GUARD,SB,Pectinatus
ASV_99,FORAGERSBSC1,25309,0,SC,FORAGER,SB,Lactobacillaceae
ASV_85,FOODSBSC1,0,0,SC,FOOD,SB,Tyzzerella
ASV_86,POLLENSBBP2,1103,0,BP,POLLEN,SB,Acetobacteraceae
ASV_62,FOODSBSC2,0,0,SC,FOOD,SB,Acinetobacter
ASV_44,GUARDSBSC2,0,0,SC,GUARD,SB,Erysipelatoclostridium
ASV_543,HONEYSDSC1,53,0,SC,HONEY,SD,Taibaiella
ASV_60,GUARDSBSC1,0,0,SC,GUARD,SB,Enterobacterales
ASV_12,NURSESBBG1,526,1,BG,NURSE,SB,Pectinatus
ASV_93,NURSESBBG1,1697,1,BG,NURSE,SB,Lactobacillus
ASV_96,FOODSBSC2,0,0,SC,FOOD,SB,Micrococcaceae
ASV_83,FOODSBSC1,0,0,SC,FOOD,SB,Corynebacterium
ASV_543,NURSESBBP4,0,0,BP,NURSE,SB,Taibaiella
ASV_96,HONEYSDBG1,0,0,BG,HONEY,SD,Micrococcaceae
ASV_99,GUARDSDSC1,137,0,SC,GUARD,SD,Lactobacillaceae
ASV_76,NURSESBSC1,0,0,SC,NURSE,SB,Sphingobacterium
ASV_62,HONEYSBBP3,298,1,BP,HONEY,SB,Acinetobacter
ASV_93,NURSESBBP4,0,0,BP,NURSE,SB,Lactobacillus
ASV_85,HONEYSDBG2,4,0,BG,HONEY,SD,Tyzzerella
ASV_55,NURSESDBG2,102,1,BG,NURSE,SD,Bombilactobacillus
ASV_44,HONEYSDSC1,0,0,SC,HONEY,SD,Erysipelatoclostridium
ASV_99,FORAGERSBBP4,11478,0,BP,FORAGER,SB,Lactobacillaceae
ASV_85,LARVAE2SBBP4,1763,1,BP,LARVAE,SB,Tyzzerella
ASV_96,NURSESDBG2,0,0,BG,NURSE,SD,Micrococcaceae
ASV_17,LARVAE1SDBP4,0,0,BP,LARVAE,SD,Floricoccus
ASV_62,FOODSDSC1,0,0,SC,FOOD,SD,Acinetobacter
ASV_71,POLLENSDBP2,0,0,BP,POLLEN,SD,Weissella
ASV_484,FORAGERSBBG2,573,0,BG,FORAGER,SB,Bifidobacterium
ASV_14,NURSESBBP3,0,0,BP,NURSE,SB,Raoultella
ASV_55,FOODSDBP1,0,0,BP,FOOD,SD,Bombilactobacillus
ASV_12,GUARDSBBP3,8,1,BP,GUARD,SB,Pectinatus
ASV_76,NURSESBBP4,0,0,BP,NURSE,SB,Sphingobacterium
ASV_62,HONEYSBSC1,358,0,SC,HONEY,SB,Acinetobacter
ASV_93,LARVAESBBP2,0,0,BP,LARVAE,SB,Lactobacillus
ASV_62,FORAGERSDSC2,0,0,SC,FORAGER,SD,Acinetobacter
ASV_99,FORAGERSBBG1,10051,0,BG,FORAGER,SB,Lactobacillaceae
ASV_30,HONEYSBBG1,0,0,BG,HONEY,SB,Klebsiella
ASV_99,HONEYSDBP1,71268,0,BP,HONEY,SD,Lactobacillaceae
ASV_55,HONEYSDSC1,539,1,SC,HONEY,SD,Bombilactobacillus
ASV_30,LARVAESBSC2,0,0,SC,LARVAE,SB,Klebsiella
ASV_55,HONEYSBBG2,0,0,BG,HONEY,SB,Bombilactobacillus
ASV_86,HONEYSBSC1,11,0,SC,HONEY,SB,Acetobacteraceae
ASV_439,FOODSBBP4,0,0,BP,FOOD,SB,Bifidobacteriaceae
ASV_93,LARVAE1SBBP4,0,0,BP,LARVAE,SB,Lactobacillus
ASV_93,NURSESBSC2,284,0,SC,NURSE,SB,Lactobacillus
ASV_30,POLLENSBBP2,0,0,BP,POLLEN,SB,Klebsiella
ASV_85,HONEYSBSC2,0,0,SC,HONEY,SB,Tyzzerella
ASV_96,HONEYSDBG2,11,0,BG,HONEY,SD,Micrococcaceae
ASV_99,GUARDSDBG1,225,0,BG,GUARD,SD,Lactobacillaceae
ASV_76,NURSESBBG1,0,0,BG,NURSE,SB,Sphingobacterium
ASV_30,FOODSDBG1,0,0,BG,FOOD,SD,Klebsiella
ASV_83,FORAGERSDBG2,0,0,BG,FORAGER,SD,Corynebacterium
ASV_439,NURSESBSC2,107,0,SC,NURSE,SB,Bifidobacteriaceae
ASV_12,NURSESDBG2,0,0,BG,NURSE,SD,Pectinatus
ASV_93,NURSESDSC1,1565,0,SC,NURSE,SD,Lactobacillus
ASV_62,NURSESBBG1,2,0,BG,NURSE,SB,Acinetobacter
ASV_99,GUARDSBSC2,29,0,SC,GUARD,SB,Lactobacillaceae
ASV_85,FOODSDSC2,0,0,SC,FOOD,SD,Tyzzerella
ASV_60,FOODSDBP1,3,0,BP,FOOD,SD,Enterobacterales
ASV_86,HONEYSBBP4,18,0,BP,HONEY,SB,Acetobacteraceae
ASV_30,POLLENSDSC2,0,0,SC,POLLEN,SD,Klebsiella
ASV_14,HONEYSDBP1,1181,1,BP,HONEY,SD,Raoultella
ASV_62,NURSESBBP4,3,0,BP,NURSE,SB,Acinetobacter
ASV_60,NURSESDSC1,0,0,SC,NURSE,SD,Enterobacterales
ASV_55,FORAGERSDBG1,672,1,BG,FORAGER,SD,Bombilactobacillus
ASV_86,FOODSDSC1,51,0,SC,FOOD,SD,Acetobacteraceae
ASV_14,GUARDSDBG1,8,1,BG,GUARD,SD,Raoultella
ASV_14,LARVAE1SDBP4,0,0,BP,LARVAE,SD,Raoultella
ASV_85,HONEYSBBP3,0,0,BP,HONEY,SB,Tyzzerella
ASV_86,HONEYSBBG1,6,0,BG,HONEY,SB,Acetobacteraceae
ASV_484,NURSESBSC2,0,0,SC,NURSE,SB,Bifidobacterium
ASV_76,FORAGERSDSC2,0,0,SC,FORAGER,SD,Sphingobacterium
ASV_30,FOODSBSC1,0,0,SC,FOOD,SB,Klebsiella
ASV_96,LARVAE2SBBP4,0,0,BP,LARVAE,SB,Micrococcaceae
ASV_44,NURSESDBG2,10,0,BG,NURSE,SD,Erysipelatoclostridium
ASV_30,HONEYSDBG2,72,1,BG,HONEY,SD,Klebsiella
ASV_12,NURSESBSC2,0,0,SC,NURSE,SB,Pectinatus
ASV_484,GUARDSBSC2,889,0,SC,GUARD,SB,Bifidobacterium
ASV_62,LARVAESBBP2,0,0,BP,LARVAE,SB,Acinetobacter
ASV_543,GUARDSBSC2,8,0,SC,GUARD,SB,Taibaiella
ASV_93,POLLENSDBG2,0,0,BG,POLLEN,SD,Lactobacillus
ASV_484,FORAGERSBSC1,338,0,SC,FORAGER,SB,Bifidobacterium
ASV_30,LARVAE2SBBP4,0,0,BP,LARVAE,SB,Klebsiella
ASV_543,NURSESBBG1,0,0,BG,NURSE,SB,Taibaiella
ASV_62,LARVAE1SBBP4,0,0,BP,LARVAE,SB,Acinetobacter
ASV_62,NURSESBSC2,3,0,SC,NURSE,SB,Acinetobacter
ASV_439,NURSESDBP1,310,0,BP,NURSE,SD,Bifidobacteriaceae
ASV_439,FORAGERSBSC1,1351,0,SC,FORAGER,SB,Bifidobacteriaceae
ASV_60,NURSESDBG1,0,0,BG,NURSE,SD,Enterobacterales
ASV_55,LARVAESDSC1,0,0,SC,LARVAE,SD,Bombilactobacillus
ASV_14,GUARDSBSC1,23,1,SC,GUARD,SB,Raoultella
ASV_76,FORAGERSDBG2,0,0,BG,FORAGER,SD,Sphingobacterium
ASV_62,NURSESDSC1,42,0,SC,NURSE,SD,Acinetobacter
ASV_83,NURSESDSC2,0,0,SC,NURSE,SD,Corynebacterium
ASV_86,FOODSDBG1,17,0,BG,FOOD,SD,Acetobacteraceae
ASV_76,POLLENSDBP1,0,0,BP,POLLEN,SD,Sphingobacterium
ASV_44,POLLENSDBG1,4,0,BG,POLLEN,SD,Erysipelatoclostridium
ASV_83,NURSESBBP3,0,0,BP,NURSE,SB,Corynebacterium
ASV_484,HONEYSDSC2,0,0,SC,HONEY,SD,Bifidobacterium
ASV_71,HONEYSDSC1,413,1,SC,HONEY,SD,Weissella
ASV_83,GUARDSDSC2,374,1,SC,GUARD,SD,Corynebacterium
ASV_99,LARVAESDSC1,4385,0,SC,LARVAE,SD,Lactobacillaceae
ASV_484,HONEYSBBP3,22,0,BP,HONEY,SB,Bifidobacterium
ASV_60,NURSESBSC2,0,0,SC,NURSE,SB,Enterobacterales
ASV_83,GUARDSBBP3,0,0,BP,GUARD,SB,Corynebacterium
ASV_96,FORAGERSBBP3,0,0,BP,FORAGER,SB,Micrococcaceae
ASV_99,FOODSDBP2,46724,0,BP,FOOD,SD,Lactobacillaceae
ASV_484,FOODSBBG2,0,0,BG,FOOD,SB,Bifidobacterium
ASV_83,LARVAE1SDBP2,0,0,BP,LARVAE,SD,Corynebacterium
ASV_30,HONEYSBSC2,0,0,SC,HONEY,SB,Klebsiella
ASV_543,GUARDSBBP3,81,1,BP,GUARD,SB,Taibaiella
ASV_86,FOODSBSC2,109,0,SC,FOOD,SB,Acetobacteraceae
ASV_55,FOODSDBP2,11,0,BP,FOOD,SD,Bombilactobacillus
ASV_12,NURSESBBP3,9,1,BP,NURSE,SB,Pectinatus
ASV_85,FORAGERSDBP2,0,0,BP,FORAGER,SD,Tyzzerella
ASV_30,FOODSDSC2,0,0,SC,FOOD,SD,Klebsiella
ASV_55,NURSESBBG1,371,0,BG,NURSE,SB,Bombilactobacillus
ASV_99,NURSESDSC2,32817,0,SC,NURSE,SD,Lactobacillaceae
ASV_71,FORAGERSBBP3,2,1,BP,FORAGER,SB,Weissella
ASV_93,LARVAE2SBBP4,0,0,BP,LARVAE,SB,Lactobacillus
ASV_86,NURSESDBP2,429,0,BP,NURSE,SD,Acetobacteraceae
ASV_44,NURSESBBP4,0,0,BP,NURSE,SB,Erysipelatoclostridium
ASV_71,FOODSBBG2,0,0,BG,FOOD,SB,Weissella
ASV_44,NURSESBSC2,0,0,SC,NURSE,SB,Erysipelatoclostridium
ASV_543,NURSESDBG2,0,0,BG,NURSE,SD,Taibaiella
ASV_484,POLLENSDBG1,0,0,BG,POLLEN,SD,Bifidobacterium
ASV_76,POLLENSBBP2,0,0,BP,POLLEN,SB,Sphingobacterium
ASV_17,LARVAESBSC2,0,0,SC,LARVAE,SB,Floricoccus
ASV_55,HONEYSDSC2,0,0,SC,HONEY,SD,Bombilactobacillus
ASV_62,POLLENSDBG2,0,0,BG,POLLEN,SD,Acinetobacter
ASV_60,NURSESBBG2,0,0,BG,NURSE,SB,Enterobacterales
ASV_96,FORAGERSBBP4,3,0,BP,FORAGER,SB,Micrococcaceae
ASV_12,HONEYSDBP1,8,1,BP,HONEY,SD,Pectinatus
ASV_96,NURSESDBP1,0,0,BP,NURSE,SD,Micrococcaceae
ASV_86,FOODSBBG2,0,0,BG,FOOD,SB,Acetobacteraceae
ASV_14,FORAGERSBBG2,0,0,BG,FORAGER,SB,Raoultella
ASV_99,NURSESDBG2,17245,0,BG,NURSE,SD,Lactobacillaceae
ASV_44,POLLENSBBP3,0,0,BP,POLLEN,SB,Erysipelatoclostridium
ASV_30,HONEYSBBP3,0,0,BP,HONEY,SB,Klebsiella
ASV_99,LARVAESBSC2,4402,0,SC,LARVAE,SB,Lactobacillaceae
ASV_83,HONEYSBBG2,9,1,BG,HONEY,SB,Corynebacterium
ASV_12,GUARDSDBG1,0,0,BG,GUARD,SD,Pectinatus
ASV_99,FOODSBBP3,9283,0,BP,FOOD,SB,Lactobacillaceae
ASV_14,GUARDSDSC2,0,0,SC,GUARD,SD,Raoultella
ASV_12,LARVAE1SDBP4,0,0,BP,LARVAE,SD,Pectinatus
ASV_96,LARVAESBSC2,0,0,SC,LARVAE,SB,Micrococcaceae
ASV_14,NURSESDBG1,10,1,BG,NURSE,SD,Raoultella
ASV_55,FORAGERSDBG2,1797,0,BG,FORAGER,SD,Bombilactobacillus
ASV_17,LARVAESDSC1,0,0,SC,LARVAE,SD,Floricoccus
ASV_86,LARVAESBBP2,17,0,BP,LARVAE,SB,Acetobacteraceae
ASV_484,FOODSBSC1,0,0,SC,FOOD,SB,Bifidobacterium
ASV_96,HONEYSDBP1,0,0,BP,HONEY,SD,Micrococcaceae
ASV_86,LARVAE1SDBP4,22,0,BP,LARVAE,SD,Acetobacteraceae
ASV_439,POLLENSDSC1,0,0,SC,POLLEN,SD,Bifidobacteriaceae
ASV_44,LARVAESDSC1,465,0,SC,LARVAE,SD,Erysipelatoclostridium
ASV_76,HONEYSBSC1,0,0,SC,HONEY,SB,Sphingobacterium
ASV_86,NURSESBBP3,220,1,BP,NURSE,SB,Acetobacteraceae
ASV_543,NURSESBSC2,0,0,SC,NURSE,SB,Taibaiella
ASV_85,POLLENSDSC1,0,0,SC,POLLEN,SD,Tyzzerella
ASV_96,NURSESDBP2,0,0,BP,NURSE,SD,Micrococcaceae
ASV_85,LARVAESBBP2,2026,1,BP,LARVAE,SB,Tyzzerella
ASV_62,LARVAE2SBBP4,0,0,BP,LARVAE,SB,Acinetobacter
ASV_71,NURSESDBG1,4,1,BG,NURSE,SD,Weissella
ASV_439,NURSESDBP2,695,0,BP,NURSE,SD,Bifidobacteriaceae
ASV_76,HONEYSBBP4,13,1,BP,HONEY,SB,Sphingobacterium
ASV_14,NURSESBSC1,16,1,SC,NURSE,SB,Raoultella
ASV_83,FOODSDSC1,0,0,SC,FOOD,SD,Corynebacterium
ASV_12,GUARDSBSC1,0,0,SC,GUARD,SB,Pectinatus
ASV_439,FORAGERSBSC2,106,0,SC,FORAGER,SB,Bifidobacteriaceae
ASV_99,LARVAE1SDBP2,7318,0,BP,LARVAE,SD,Lactobacillaceae
ASV_93,HONEYSBBG2,10,0,BG,HONEY,SB,Lactobacillus
ASV_60,POLLENSDBP2,12,0,BP,POLLEN,SD,Enterobacterales
ASV_30,FORAGERSDBP2,5380,1,BP,FORAGER,SD,Klebsiella
ASV_71,HONEYSDSC2,0,0,SC,HONEY,SD,Weissella
ASV_543,NURSESBBP3,0,0,BP,NURSE,SB,Taibaiella
ASV_93,HONEYSDBG1,0,0,BG,HONEY,SD,Lactobacillus
ASV_85,POLLENSDBP2,2,0,BP,POLLEN,SD,Tyzzerella
ASV_86,POLLENSDSC2,65,1,SC,POLLEN,SD,Acetobacteraceae
ASV_76,HONEYSBBG1,0,0,BG,HONEY,SB,Sphingobacterium
ASV_85,HONEYSDBG1,0,0,BG,HONEY,SD,Tyzzerella
ASV_60,FORAGERSDBP1,175,0,BP,FORAGER,SD,Enterobacterales
ASV_83,HONEYSBSC1,0,0,SC,HONEY,SB,Corynebacterium
ASV_76,FOODSDSC1,0,0,SC,FOOD,SD,Sphingobacterium
ASV_44,NURSESDBP2,0,0,BP,NURSE,SD,Erysipelatoclostridium
ASV_484,FORAGERSDBG2,201,0,BG,FORAGER,SD,Bifidobacterium
ASV_71,FORAGERSBBP4,0,0,BP,FORAGER,SB,Weissella
ASV_55,NURSESDSC1,858,0,SC,NURSE,SD,Bombilactobacillus
ASV_83,POLLENSDBP1,0,0,BP,POLLEN,SD,Corynebacterium
ASV_55,NURSESBBG2,465,0,BG,NURSE,SB,Bombilactobacillus
ASV_60,HONEYSDSC1,780,0,SC,HONEY,SD,Enterobacterales
ASV_543,HONEYSDBP1,0,0,BP,HONEY,SD,Taibaiella
ASV_12,FORAGERSBBG2,0,0,BG,FORAGER,SB,Pectinatus
ASV_76,FOODSDBG1,0,0,BG,FOOD,SD,Sphingobacterium
ASV_44,HONEYSBBG2,0,0,BG,HONEY,SB,Erysipelatoclostridium
ASV_543,GUARDSDBG1,141,0,BG,GUARD,SD,Taibaiella
ASV_439,FORAGERSDBP1,360,0,BP,FORAGER,SD,Bifidobacteriaceae
ASV_543,LARVAE1SDBP4,0,0,BP,LARVAE,SD,Taibaiella
ASV_85,HONEYSBSC1,0,0,SC,HONEY,SB,Tyzzerella
ASV_44,POLLENSDBP1,0,0,BP,POLLEN,SD,Erysipelatoclostridium
ASV_12,GUARDSDSC2,998,1,SC,GUARD,SD,Pectinatus
ASV_86,POLLENSDBG2,18,0,BG,POLLEN,SD,Acetobacteraceae
ASV_71,GUARDSBSC1,5,0,SC,GUARD,SB,Weissella
ASV_83,LARVAE2SBBP4,0,0,BP,LARVAE,SB,Corynebacterium
ASV_60,POLLENSBBP3,72,0,BP,POLLEN,SB,Enterobacterales
ASV_93,HONEYSDSC2,0,0,SC,HONEY,SD,Lactobacillus
ASV_55,HONEYSBSC1,5,0,SC,HONEY,SB,Bombilactobacillus
ASV_12,NURSESDBG1,1137,1,BG,NURSE,SD,Pectinatus
ASV_62,HONEYSBBG2,298,0,BG,HONEY,SB,Acinetobacter
ASV_96,FOODSBBG2,0,0,BG,FOOD,SB,Micrococcaceae
ASV_14,NURSESDSC2,0,0,SC,NURSE,SD,Raoultella
ASV_85,FOODSDSC1,95,1,SC,FOOD,SD,Tyzzerella
ASV_62,HONEYSDBG1,197,0,BG,HONEY,SD,Acinetobacter
ASV_44,FORAGERSDBG1,0,0,BG,FORAGER,SD,Erysipelatoclostridium
ASV_86,FORAGERSDBG1,400,0,BG,FORAGER,SD,Acetobacteraceae
ASV_30,POLLENSDSC1,0,0,SC,POLLEN,SD,Klebsiella
ASV_71,FORAGERSBBG1,0,0,BG,FORAGER,SB,Weissella
ASV_76,FOODSBSC2,0,0,SC,FOOD,SB,Sphingobacterium
ASV_60,HONEYSDBG1,0,0,BG,HONEY,SD,Enterobacterales
ASV_71,POLLENSDBG1,0,0,BG,POLLEN,SD,Weissella
ASV_17,FOODSBBG2,0,0,BG,FOOD,SB,Floricoccus
ASV_99,FORAGERSDBP2,1815,0,BP,FORAGER,SD,Lactobacillaceae
ASV_14,FORAGERSBBP4,4,1,BP,FORAGER,SB,Raoultella
ASV_30,LARVAESBBP2,0,0,BP,LARVAE,SB,Klebsiella
ASV_86,FORAGERSBSC2,78,1,SC,FORAGER,SB,Acetobacteraceae
ASV_93,NURSESDBG2,509,0,BG,NURSE,SD,Lactobacillus
ASV_484,GUARDSDSC2,461,0,SC,GUARD,SD,Bifidobacterium
ASV_484,GUARDSBBP3,973,0,BP,GUARD,SB,Bifidobacterium
ASV_55,FORAGERSBBG1,344,0,BG,FORAGER,SB,Bombilactobacillus
ASV_60,HONEYSBSC2,43,0,SC,HONEY,SB,Enterobacterales
ASV_439,POLLENSDSC2,0,0,SC,POLLEN,SD,Bifidobacteriaceae
ASV_484,LARVAE1SDBP2,0,0,BP,LARVAE,SD,Bifidobacterium
ASV_484,NURSESDSC2,0,0,SC,NURSE,SD,Bifidobacterium
ASV_439,LARVAESBBP2,0,0,BP,LARVAE,SB,Bifidobacteriaceae
ASV_76,NURSESDBP2,0,0,BP,NURSE,SD,Sphingobacterium
ASV_17,FOODSBSC1,0,0,SC,FOOD,SB,Floricoccus
ASV_484,NURSESBBP3,0,0,BP,NURSE,SB,Bifidobacterium
ASV_17,FOODSDBG1,0,0,BG,FOOD,SD,Floricoccus
ASV_30,HONEYSDBG1,0,0,BG,HONEY,SD,Klebsiella
ASV_12,NURSESBSC1,0,0,SC,NURSE,SB,Pectinatus
ASV_86,GUARDSDSC2,32,0,SC,GUARD,SD,Acetobacteraceae
ASV_96,LARVAE1SDBP2,0,0,BP,LARVAE,SD,Micrococcaceae
ASV_543,GUARDSBSC1,10,0,SC,GUARD,SB,Taibaiella
ASV_439,LARVAE1SDBP2,0,0,BP,LARVAE,SD,Bifidobacteriaceae
ASV_76,FOODSBBG2,0,0,BG,FOOD,SB,Sphingobacterium
ASV_85,FOODSDBP2,0,0,BP,FOOD,SD,Tyzzerella
ASV_30,POLLENSDBP2,0,0,BP,POLLEN,SD,Klebsiella
ASV_85,HONEYSDSC2,0,0,SC,HONEY,SD,Tyzzerella
ASV_99,HONEYSDSC2,5549,0,SC,HONEY,SD,Lactobacillaceae
ASV_44,FOODSDSC1,15,0,SC,FOOD,SD,Erysipelatoclostridium
ASV_62,HONEYSDSC2,44,0,SC,HONEY,SD,Acinetobacter
ASV_71,NURSESDBG2,0,0,BG,NURSE,SD,Weissella
ASV_83,FORAGERSDBP2,0,0,BP,FORAGER,SD,Corynebacterium
ASV_439,HONEYSBBP3,69,0,BP,HONEY,SB,Bifidobacteriaceae
ASV_86,FORAGERSBBG2,10,0,BG,FORAGER,SB,Acetobacteraceae
ASV_76,LARVAESBBP2,0,0,BP,LARVAE,SB,Sphingobacterium
ASV_93,FORAGERSDBP1,1498,1,BP,FORAGER,SD,Lactobacillus
ASV_93,LARVAESBSC2,0,0,SC,LARVAE,SB,Lactobacillus
ASV_60,HONEYSBBG2,0,0,BG,HONEY,SB,Enterobacterales
ASV_17,FORAGERSDBP1,3,1,BP,FORAGER,SD,Floricoccus
ASV_14,FOODSBBG2,0,0,BG,FOOD,SB,Raoultella
ASV_99,FORAGERSBBP3,14954,0,BP,FORAGER,SB,Lactobacillaceae
ASV_60,FOODSDSC2,0,0,SC,FOOD,SD,Enterobacterales
ASV_96,GUARDSBBP3,7,0,BP,GUARD,SB,Micrococcaceae
ASV_83,NURSESBBG2,0,0,BG,NURSE,SB,Corynebacterium
ASV_93,LARVAESDSC1,0,0,SC,LARVAE,SD,Lactobacillus
ASV_60,GUARDSBBP3,2111,0,BP,GUARD,SB,Enterobacterales
ASV_484,HONEYSBBG2,8,1,BG,HONEY,SB,Bifidobacterium
ASV_543,FORAGERSBBG2,0,0,BG,FORAGER,SB,Taibaiella
ASV_62,NURSESDBG2,0,0,BG,NURSE,SD,Acinetobacter
ASV_44,FORAGERSBBP3,0,0,BP,FORAGER,SB,Erysipelatoclostridium
ASV_44,FORAGERSBSC1,0,0,SC,FORAGER,SB,Erysipelatoclostridium
ASV_76,LARVAE1SDBP4,0,0,BP,LARVAE,SD,Sphingobacterium
ASV_85,FORAGERSDBP1,0,0,BP,FORAGER,SD,Tyzzerella
ASV_30,HONEYSBSC1,0,0,SC,HONEY,SB,Klebsiella
ASV_83,FORAGERSBBG1,0,0,BG,FORAGER,SB,Corynebacterium
ASV_76,NURSESBBP3,0,0,BP,NURSE,SB,Sphingobacterium
ASV_30,FOODSDSC1,0,0,SC,FOOD,SD,Klebsiella
ASV_55,NURSESDSC2,17,1,SC,NURSE,SD,Bombilactobacillus
ASV_99,HONEYSDBG2,17663,0,BG,HONEY,SD,Lactobacillaceae
ASV_543,GUARDSDSC2,124,0,SC,GUARD,SD,Taibaiella
ASV_83,LARVAESDSC1,0,0,SC,LARVAE,SD,Corynebacterium
ASV_93,GUARDSBSC2,446,0,SC,GUARD,SB,Lactobacillus
ASV_83,LARVAESBBP2,0,0,BP,LARVAE,SB,Corynebacterium
ASV_543,NURSESDBG1,0,0,BG,NURSE,SD,Taibaiella
ASV_17,FOODSBSC2,0,0,SC,FOOD,SB,Floricoccus
ASV_55,HONEYSBSC2,24,0,SC,HONEY,SB,Bombilactobacillus
ASV_12,NURSESDSC2,0,0,SC,NURSE,SD,Pectinatus
ASV_17,FORAGERSBBP3,107,1,BP,FORAGER,SB,Floricoccus
ASV_439,FORAGERSDBP2,1048,0,BP,FORAGER,SD,Bifidobacteriaceae
ASV_83,HONEYSDBG2,310,0,BG,HONEY,SD,Corynebacterium
ASV_71,FOODSBSC1,0,0,SC,FOOD,SB,Weissella
ASV_96,POLLENSDSC1,0,0,SC,POLLEN,SD,Micrococcaceae
ASV_71,FOODSDBP1,0,0,BP,FOOD,SD,Weissella
ASV_14,FORAGERSBBG1,0,0,BG,FORAGER,SB,Raoultella
ASV_96,NURSESBSC1,0,0,SC,NURSE,SB,Micrococcaceae
ASV_55,POLLENSDBG1,0,0,BG,POLLEN,SD,Bombilactobacillus
ASV_99,GUARDSBSC1,282,0,SC,GUARD,SB,Lactobacillaceae
ASV_86,HONEYSBBP3,12,0,BP,HONEY,SB,Acetobacteraceae
ASV_12,FORAGERSBBP4,598,1,BP,FORAGER,SB,Pectinatus
ASV_93,GUARDSDSC1,1545,0,SC,GUARD,SD,Lactobacillus
ASV_71,GUARDSBSC2,31,1,SC,GUARD,SB,Weissella
ASV_44,HONEYSDSC2,0,0,SC,HONEY,SD,Erysipelatoclostridium
ASV_30,FOODSDBP2,0,0,BP,FOOD,SD,Klebsiella
ASV_14,GUARDSDSC1,22,1,SC,GUARD,SD,Raoultella
ASV_439,FOODSDBG1,0,0,BG,FOOD,SD,Bifidobacteriaceae
ASV_62,FORAGERSDBP1,0,0,BP,FORAGER,SD,Acinetobacter
ASV_62,LARVAESBSC2,0,0,SC,LARVAE,SB,Acinetobacter
ASV_76,POLLENSDSC2,0,0,SC,POLLEN,SD,Sphingobacterium
ASV_71,POLLENSDBG2,0,0,BG,POLLEN,SD,Weissella
ASV_17,FOODSDSC1,0,0,SC,FOOD,SD,Floricoccus
ASV_55,FORAGERSBBG2,246,0,BG,FORAGER,SB,Bombilactobacillus
ASV_96,LARVAE1SDBP4,0,0,BP,LARVAE,SD,Micrococcaceae
ASV_439,GUARDSDBG1,52,0,BG,GUARD,SD,Bifidobacteriaceae
ASV_17,FORAGERSDBP2,103,1,BP,FORAGER,SD,Floricoccus
ASV_17,NURSESDBP1,585,1,BP,NURSE,SD,Floricoccus
ASV_71,FORAGERSBBG2,0,0,BG,FORAGER,SB,Weissella
ASV_30,HONEYSDSC2,0,0,SC,HONEY,SD,Klebsiella
ASV_484,FOODSDSC1,0,0,SC,FOOD,SD,Bifidobacterium
ASV_85,NURSESBBG2,0,0,BG,NURSE,SB,Tyzzerella
ASV_83,NURSESBSC1,0,0,SC,NURSE,SB,Corynebacterium
ASV_543,NURSESBSC1,0,0,SC,NURSE,SB,Taibaiella
ASV_62,LARVAESDSC1,6,0,SC,LARVAE,SD,Acinetobacter
ASV_96,POLLENSDSC2,0,0,SC,POLLEN,SD,Micrococcaceae
ASV_484,HONEYSBSC1,4,0,SC,HONEY,SB,Bifidobacterium
ASV_83,GUARDSBSC1,16,0,SC,GUARD,SB,Corynebacterium
ASV_76,POLLENSDBG2,0,0,BG,POLLEN,SD,Sphingobacterium
ASV_96,HONEYSBSC1,0,0,SC,HONEY,SB,Micrococcaceae
ASV_484,POLLENSDBP1,0,0,BP,POLLEN,SD,Bifidobacterium
ASV_55,HONEYSDBP1,6,0,BP,HONEY,SD,Bombilactobacillus
ASV_17,FORAGERSBBP4,484,1,BP,FORAGER,SB,Floricoccus
ASV_62,GUARDSBSC2,0,0,SC,GUARD,SB,Acinetobacter
ASV_14,FORAGERSDBG2,0,0,BG,FORAGER,SD,Raoultella
ASV_76,FORAGERSDBG1,13,0,BG,FORAGER,SD,Sphingobacterium
ASV_96,NURSESBSC2,0,0,SC,NURSE,SB,Micrococcaceae
ASV_12,FOODSBBG2,0,0,BG,FOOD,SB,Pectinatus
ASV_83,FOODSDBP2,0,0,BP,FOOD,SD,Corynebacterium
ASV_30,FORAGERSDBP1,0,0,BP,FORAGER,SD,Klebsiella
ASV_62,GUARDSDSC1,519,0,SC,GUARD,SD,Acinetobacter
ASV_83,HONEYSDSC1,932,1,SC,HONEY,SD,Corynebacterium
ASV_439,HONEYSBBP4,70,0,BP,HONEY,SB,Bifidobacteriaceae
ASV_60,NURSESBSC1,12,0,SC,NURSE,SB,Enterobacterales
ASV_17,NURSESBBP3,590,1,BP,NURSE,SB,Floricoccus
ASV_99,FOODSDBP1,18283,0,BP,FOOD,SD,Lactobacillaceae
ASV_85,POLLENSDBP1,0,0,BP,POLLEN,SD,Tyzzerella
ASV_86,FOODSBSC1,218,1,SC,FOOD,SB,Acetobacteraceae
ASV_55,LARVAESBSC2,0,0,SC,LARVAE,SB,Bombilactobacillus
ASV_44,FORAGERSDBP1,0,0,BP,FORAGER,SD,Erysipelatoclostridium
ASV_484,LARVAE2SBBP4,0,0,BP,LARVAE,SB,Bifidobacterium
ASV_85,LARVAESDSC1,3078,1,SC,LARVAE,SD,Tyzzerella
ASV_55,FOODSBBP3,6,0,BP,FOOD,SB,Bombilactobacillus
ASV_17,FOODSDSC2,0,0,SC,FOOD,SD,Floricoccus
ASV_76,FORAGERSBSC2,0,0,SC,FORAGER,SB,Sphingobacterium
ASV_17,POLLENSDBG1,7,1,BG,POLLEN,SD,Floricoccus
ASV_17,NURSESDBP2,54,1,BP,NURSE,SD,Floricoccus
ASV_96,HONEYSBSC2,37,1,SC,HONEY,SB,Micrococcaceae
ASV_86,LARVAE2SBBP4,3,0,BP,LARVAE,SB,Acetobacteraceae
ASV_99,NURSESDSC1,11898,0,SC,NURSE,SD,Lactobacillaceae
ASV_543,NURSESDSC2,0,0,SC,NURSE,SD,Taibaiella
ASV_60,NURSESBBP4,15,0,BP,NURSE,SB,Enterobacterales
ASV_71,LARVAESBSC2,0,0,SC,LARVAE,SB,Weissella
ASV_55,NURSESBSC1,311,0,SC,NURSE,SB,Bombilactobacillus
ASV_86,NURSESDBP1,338,1,BP,NURSE,SD,Acetobacteraceae
ASV_86,FOODSBBP4,604,1,BP,FOOD,SB,Acetobacteraceae
ASV_76,GUARDSDSC2,216,0,SC,GUARD,SD,Sphingobacterium
ASV_44,POLLENSDBG2,0,0,BG,POLLEN,SD,Erysipelatoclostridium
ASV_44,GUARDSDSC1,0,0,SC,GUARD,SD,Erysipelatoclostridium
ASV_14,FOODSBBP4,0,0,BP,FOOD,SB,Raoultella
ASV_55,GUARDSBBP3,803,0,BP,GUARD,SB,Bombilactobacillus
ASV_12,FORAGERSBBG1,2072,1,BG,FORAGER,SB,Pectinatus
ASV_93,POLLENSBBP3,0,0,BP,POLLEN,SB,Lactobacillus
ASV_14,FORAGERSBSC2,0,0,SC,FORAGER,SB,Raoultella
ASV_543,FORAGERSBBP4,0,0,BP,FORAGER,SB,Taibaiella
ASV_60,NURSESBBG1,0,0,BG,NURSE,SB,Enterobacterales
ASV_71,FOODSBSC2,0,0,SC,FOOD,SB,Weissella
ASV_83,LARVAE1SBBP4,0,0,BP,LARVAE,SB,Corynebacterium
ASV_71,FOODSDBP2,0,0,BP,FOOD,SD,Weissella
ASV_76,FORAGERSBBG2,0,0,BG,FORAGER,SB,Sphingobacterium
ASV_12,GUARDSDSC1,0,0,SC,GUARD,SD,Pectinatus
ASV_44,NURSESBBG1,0,0,BG,NURSE,SB,Erysipelatoclostridium
ASV_93,POLLENSDBP2,0,0,BP,POLLEN,SD,Lactobacillus
ASV_99,NURSESDBG1,24116,0,BG,NURSE,SD,Lactobacillaceae
ASV_96,FOODSBBP3,0,0,BP,FOOD,SB,Micrococcaceae
rare,FOODSBBG2,209,0,BG,FOOD,SB,aaRare
rare,FOODSBBP3,176,0,BP,FOOD,SB,aaRare
rare,FOODSBBP4,54,0,BP,FOOD,SB,aaRare
rare,FOODSBSC1,3,0,SC,FOOD,SB,aaRare
rare,FOODSBSC2,51,0,SC,FOOD,SB,aaRare
rare,FOODSDBG1,0,0,BG,FOOD,SD,aaRare
rare,FOODSDBP1,79,0,BP,FOOD,SD,aaRare
rare,FOODSDBP2,742,0,BP,FOOD,SD,aaRare
rare,FOODSDSC1,62,0,SC,FOOD,SD,aaRare
rare,FOODSDSC2,421,0,SC,FOOD,SD,aaRare
rare,FORAGERSBBG1,255,0,BG,FORAGER,SB,aaRare
rare,FORAGERSBBG2,474,0,BG,FORAGER,SB,aaRare
rare,FORAGERSBBP3,1339,0,BP,FORAGER,SB,aaRare
rare,FORAGERSBBP4,1652,0,BP,FORAGER,SB,aaRare
rare,FORAGERSBSC1,507,0,SC,FORAGER,SB,aaRare
rare,FORAGERSBSC2,28,0,SC,FORAGER,SB,aaRare
rare,FORAGERSDBG1,280,0,BG,FORAGER,SD,aaRare
rare,FORAGERSDBG2,234,0,BG,FORAGER,SD,aaRare
rare,FORAGERSDBP1,332,0,BP,FORAGER,SD,aaRare
rare,FORAGERSDBP2,1965,0,BP,FORAGER,SD,aaRare
rare,FORAGERSDSC2,514,0,SC,FORAGER,SD,aaRare
rare,GUARDSBBP3,606,0,BP,GUARD,SB,aaRare
rare,GUARDSBSC1,283,0,SC,GUARD,SB,aaRare
rare,GUARDSBSC2,151,0,SC,GUARD,SB,aaRare
rare,GUARDSDBG1,1114,0,BG,GUARD,SD,aaRare
rare,GUARDSDSC1,1777,0,SC,GUARD,SD,aaRare
rare,GUARDSDSC2,1576,0,SC,GUARD,SD,aaRare
rare,HONEYSBBG1,220,0,BG,HONEY,SB,aaRare
rare,HONEYSBBG2,173,0,BG,HONEY,SB,aaRare
rare,HONEYSBBP3,784,0,BP,HONEY,SB,aaRare
rare,HONEYSBBP4,915,0,BP,HONEY,SB,aaRare
rare,HONEYSBSC1,362,0,SC,HONEY,SB,aaRare
rare,HONEYSBSC2,322,0,SC,HONEY,SB,aaRare
rare,HONEYSDBG1,60,0,BG,HONEY,SD,aaRare
rare,HONEYSDBG2,2625,0,BG,HONEY,SD,aaRare
rare,HONEYSDBP1,1527,0,BP,HONEY,SD,aaRare
rare,HONEYSDSC1,4148,0,SC,HONEY,SD,aaRare
rare,HONEYSDSC2,29,0,SC,HONEY,SD,aaRare
rare,LARVAE1SBBP4,65,0,BP,LARVAE,SB,aaRare
rare,LARVAE1SDBP2,0,0,BP,LARVAE,SD,aaRare
rare,LARVAE1SDBP4,31,0,BP,LARVAE,SD,aaRare
rare,LARVAE2SBBP4,47,0,BP,LARVAE,SB,aaRare
rare,LARVAESBBP2,94,0,BP,LARVAE,SB,aaRare
rare,LARVAESBSC2,0,0,SC,LARVAE,SB,aaRare
rare,LARVAESDSC1,4,0,SC,LARVAE,SD,aaRare
rare,NURSESBBG1,206,0,BG,NURSE,SB,aaRare
rare,NURSESBBG2,368,0,BG,NURSE,SB,aaRare
rare,NURSESBBP3,144,0,BP,NURSE,SB,aaRare
rare,NURSESBBP4,118,0,BP,NURSE,SB,aaRare
rare,NURSESBSC1,276,0,SC,NURSE,SB,aaRare
rare,NURSESBSC2,105,0,SC,NURSE,SB,aaRare
rare,NURSESDBG1,387,0,BG,NURSE,SD,aaRare
rare,NURSESDBG2,51,0,BG,NURSE,SD,aaRare
rare,NURSESDBP1,71,0,BP,NURSE,SD,aaRare
rare,NURSESDBP2,533,0,BP,NURSE,SD,aaRare
rare,NURSESDSC1,494,0,SC,NURSE,SD,aaRare
rare,NURSESDSC2,350,0,SC,NURSE,SD,aaRare
rare,POLLENSBBP2,13,0,BP,POLLEN,SB,aaRare
rare,POLLENSBBP3,555,0,BP,POLLEN,SB,aaRare
rare,POLLENSDBG1,27,0,BG,POLLEN,SD,aaRare
rare,POLLENSDBG2,22,0,BG,POLLEN,SD,aaRare
rare,POLLENSDBP1,490,0,BP,POLLEN,SD,aaRare
rare,POLLENSDBP2,0,0,BP,POLLEN,SD,aaRare
rare,POLLENSDSC1,97,0,SC,POLLEN,SD,aaRare
rare,POLLENSDSC2,212,0,SC,POLLEN,SD,aaRare