bin_taxa,bin,length,cov,150,cov_meanok,sample,type,proportions,prop_final
Bombilactobacillus sp.2,bins_SBBP1_GUARD.5.fa,1572161,520,78000,0.049613239,SBBP1_FOOD,FOOD,0.119258822,0.180425248
Bombilactobacillus sp.2,bins_SBBP1_GUARD.5.fa,1572161,12214,1832100,1.165338664,SBBP1_FORAGER,FORAGER,11.78668557,4.237911508
Bombilactobacillus sp.2,bins_SBBP1_GUARD.5.fa,1572161,170792,25618800,16.29527765,SBBP1_GUARD,GUARD,50.28828711,59.2599789
Bombilactobacillus sp.2,bins_SBBP1_GUARD.5.fa,1572161,1642,246300,0.156663344,SBBP1_HONEY,HONEY,0.020814506,0.569727419
Bombilactobacillus sp.2,bins_SBBP1_GUARD.5.fa,1572161,0,0,0,SBBP1_LARVAE,LARVAE,0,0
Bombilactobacillus sp.2,bins_SBBP1_GUARD.5.fa,1572161,4864,729600,0.464074608,SBBP1_NURSE,NURSE,7.465541258,1.687670016
Bombilactobacillus sp.2,bins_SBBP1_GUARD.5.fa,1572161,434,65100,0.041407973,SBBP1_POLLEN,POLLEN,0.086072585,0.150585688
Bombilactobacillus sp.2,bins_SBBP1_GUARD.5.fa,1572161,468,70200,0.044651915,SBBP2_FOOD,FOOD,0.176178827,0.162382724
Bombilactobacillus sp.2,bins_SBBP1_GUARD.5.fa,1572161,28552,4282800,2.724148481,SBBP2_FORAGER,FORAGER,9.899343196,9.906734025
Bombilactobacillus sp.2,bins_SBBP1_GUARD.5.fa,1572161,7902,1185300,0.753930418,SBBP2_GUARD,GUARD,2.776144918,2.741769833
Bombilactobacillus sp.2,bins_SBBP1_GUARD.5.fa,1572161,1150,172500,0.109721587,SBBP2_HONEY,HONEY,0.01412841,0.399017376
Bombilactobacillus sp.2,bins_SBBP1_GUARD.5.fa,1572161,0,0,0,SBBP2_LARVAE,LARVAE,0,0
Bombilactobacillus sp.2,bins_SBBP1_GUARD.5.fa,1572161,5838,875700,0.557004022,SBBP2_NURSE,NURSE,9.971684043,2.025620385
Bombilactobacillus sp.2,bins_SBBP1_GUARD.5.fa,1572161,930,139500,0.08873137,SBBP4_POLLEN,POLLEN,0.759475029,0.322683617
Bombilactobacillus sp.2,bins_SBBP1_GUARD.5.fa,1572161,1672,250800,0.159525647,SDBP2_HONEY,HONEY,0.022150686,0.580136568
Bombilactobacillus sp.2,bins_SBBP1_GUARD.5.fa,1572161,422,63300,0.040263052,SDBP3_FOOD,FOOD,0.110163044,0.146422029
Bombilactobacillus sp.2,bins_SBBP1_GUARD.5.fa,1572161,6438,965700,0.614250067,SDBP3_FORAGER,FORAGER,6.242817525,2.233803364
Bombilactobacillus sp.2,bins_SBBP1_GUARD.5.fa,1572161,6690,1003500,0.638293406,SDBP3_GUARD,GUARD,4.840124761,2.321240215
Bombilactobacillus sp.2,bins_SBBP1_GUARD.5.fa,1572161,0,0,0,SDBP3_LARVAE,LARVAE,0,0
Bombilactobacillus sp.2,bins_SBBP1_GUARD.5.fa,1572161,280,42000,0.026714821,SDBP3_NURSE,NURSE,0.510347127,0.097152057
Bombilactobacillus sp.2,bins_SBBP1_GUARD.5.fa,1572161,1054,158100,0.10056222,SDBP3_POLLEN,POLLEN,0.727324093,0.3657081
Bombilactobacillus sp.2,bins_SBBP1_GUARD.5.fa,1572161,128,19200,0.01221249,SDBP4_FOOD,FOOD,0.079414286,0.044412369
Bombilactobacillus sp.2,bins_SBBP1_GUARD.5.fa,1572161,27336,4100400,2.608129829,SDBP4_FORAGER,FORAGER,19.02860185,9.484816521
Bombilactobacillus sp.2,bins_SBBP1_GUARD.5.fa,1572161,2886,432900,0.275353478,SDBP4_GUARD,GUARD,0.706520145,1.001360129
Bombilactobacillus sp.2,bins_SBBP1_GUARD.5.fa,1572161,2154,323100,0.205513303,SDBP4_HONEY,HONEY,0.035998758,0.747376894
Bombilactobacillus sp.2,bins_SBBP1_GUARD.5.fa,1572161,14,2100,0.001335741,SDBP4_LARVAE,LARVAE,0.002692014,0.004857603
Bombilactobacillus sp.2,bins_SBBP1_GUARD.5.fa,1572161,1682,252300,0.160479747,SDBP4_NURSE,NURSE,2.393640238,0.583606284
Bombilactobacillus sp.2,bins_SBBP1_GUARD.5.fa,1572161,2146,321900,0.204750022,SDBP4_POLLEN,POLLEN,0.889901978,0.744601121
Apilactobacillus sp.1,bins_SBBP2_HONEY.10.fa,938889,11944,1791600,1.908212792,SBBP1_FOOD,FOOD,4.586904905,0.338892448
Apilactobacillus sp.1,bins_SBBP2_HONEY.10.fa,938889,1354,203100,0.216319501,SBBP1_FORAGER,FORAGER,2.187939026,0.038417647
Apilactobacillus sp.1,bins_SBBP2_HONEY.10.fa,938889,4538,680700,0.725005831,SBBP1_GUARD,GUARD,2.237415168,0.128758701
Apilactobacillus sp.1,bins_SBBP2_HONEY.10.fa,938889,561210,84181500,89.66075862,SBBP1_HONEY,HONEY,11.91245079,15.92346206
Apilactobacillus sp.1,bins_SBBP2_HONEY.10.fa,938889,0,0,0,SBBP1_LARVAE,LARVAE,0,0
Apilactobacillus sp.1,bins_SBBP2_HONEY.10.fa,938889,360,54000,0.057514786,SBBP1_NURSE,NURSE,0.925237021,0.010214441
Apilactobacillus sp.1,bins_SBBP2_HONEY.10.fa,938889,61950,9292500,9.897336107,SBBP1_POLLEN,POLLEN,20.57307421,1.757735027
Apilactobacillus sp.1,bins_SBBP2_HONEY.10.fa,938889,9044,1356600,1.444899237,SBBP2_FOOD,FOOD,5.701001903,0.256609453
Apilactobacillus sp.1,bins_SBBP2_HONEY.10.fa,938889,1882,282300,0.300674521,SBBP2_FORAGER,FORAGER,1.092627768,0.053398827
Apilactobacillus sp.1,bins_SBBP2_HONEY.10.fa,938889,2220,333000,0.354674514,SBBP2_GUARD,GUARD,1.305993002,0.062989052
Apilactobacillus sp.1,bins_SBBP2_HONEY.10.fa,938889,318412,47761800,50.87055019,SBBP2_HONEY,HONEY,6.55039749,9.034445932
Apilactobacillus sp.1,bins_SBBP2_HONEY.10.fa,938889,2,300,0.000319527,SBBP2_LARVAE,LARVAE,0.019639279,5.67469E-05
Apilactobacillus sp.1,bins_SBBP2_HONEY.10.fa,938889,1390,208500,0.22207098,SBBP2_NURSE,NURSE,3.975593641,0.039439091
Apilactobacillus sp.1,bins_SBBP2_HONEY.10.fa,938889,4016,602400,0.641609392,SBBP4_POLLEN,POLLEN,5.49170278,0.113947762
Apilactobacillus sp.1,bins_SBBP2_HONEY.10.fa,938889,1436862,215529300,229.5578072,SDBP2_HONEY,HONEY,31.87489237,40.76872747
Apilactobacillus sp.1,bins_SBBP2_HONEY.10.fa,938889,3552,532800,0.567479223,SDBP3_FOOD,FOOD,1.55267014,0.100782483
Apilactobacillus sp.1,bins_SBBP2_HONEY.10.fa,938889,168,25200,0.026840234,SDBP3_FORAGER,FORAGER,0.272785779,0.004766739
Apilactobacillus sp.1,bins_SBBP2_HONEY.10.fa,938889,16,2400,0.002556213,SDBP3_GUARD,GUARD,0.019383546,0.000453975
Apilactobacillus sp.1,bins_SBBP2_HONEY.10.fa,938889,0,0,0,SDBP3_LARVAE,LARVAE,0,0
Apilactobacillus sp.1,bins_SBBP2_HONEY.10.fa,938889,162,24300,0.025881654,SDBP3_NURSE,NURSE,0.494430705,0.004596498
Apilactobacillus sp.1,bins_SBBP2_HONEY.10.fa,938889,2046,306900,0.326875701,SDBP3_POLLEN,POLLEN,2.364153981,0.058052072
Apilactobacillus sp.1,bins_SBBP2_HONEY.10.fa,938889,3284,492600,0.52466266,SDBP4_FOOD,FOOD,3.411729358,0.093178399
Apilactobacillus sp.1,bins_SBBP2_HONEY.10.fa,938889,316,47400,0.050485201,SDBP4_FORAGER,FORAGER,0.36833396,0.008966009
Apilactobacillus sp.1,bins_SBBP2_HONEY.10.fa,938889,146,21900,0.023325441,SDBP4_GUARD,GUARD,0.059849957,0.004142523
Apilactobacillus sp.1,bins_SBBP2_HONEY.10.fa,938889,1093206,163980900,174.6541923,SDBP4_HONEY,HONEY,30.59331909,31.01802225
Apilactobacillus sp.1,bins_SBBP2_HONEY.10.fa,938889,70,10500,0.011183431,SDBP4_LARVAE,LARVAE,0.022538764,0.001986141
Apilactobacillus sp.1,bins_SBBP2_HONEY.10.fa,938889,340,51000,0.05431952,SDBP4_NURSE,NURSE,0.810204348,0.009646972
Apilactobacillus sp.1,bins_SBBP2_HONEY.10.fa,938889,5932,889800,0.947715864,SDBP4_POLLEN,POLLEN,4.119043377,0.168311286
Apilactobacillus sp.3,bins_SBBP2_HONEY.7.fa,1331721,77268,11590200,8.703174314,SBBP1_FOOD,FOOD,20.92043043,3.819982084
Apilactobacillus sp.3,bins_SBBP2_HONEY.7.fa,1331721,160,24000,0.018021793,SBBP1_FORAGER,FORAGER,0.182279379,0.007910094
Apilactobacillus sp.3,bins_SBBP2_HONEY.7.fa,1331721,174,26100,0.0195987,SBBP1_GUARD,GUARD,0.060482863,0.008602227
Apilactobacillus sp.3,bins_SBBP2_HONEY.7.fa,1331721,112852,16927800,12.71122104,SBBP1_HONEY,HONEY,1.688830181,5.579186961
Apilactobacillus sp.3,bins_SBBP2_HONEY.7.fa,1331721,32,4800,0.003604359,SBBP1_LARVAE,LARVAE,0.19624313,0.001582019
Apilactobacillus sp.3,bins_SBBP2_HONEY.7.fa,1331721,8058,1208700,0.907622543,SBBP1_NURSE,NURSE,14.60087112,0.398372103
Apilactobacillus sp.3,bins_SBBP2_HONEY.7.fa,1331721,49058,7358700,5.525706961,SBBP1_POLLEN,POLLEN,11.48599766,2.425333658
Apilactobacillus sp.3,bins_SBBP2_HONEY.7.fa,1331721,61814,9272100,6.962494396,SBBP2_FOOD,FOOD,27.4712539,3.055965892
Apilactobacillus sp.3,bins_SBBP2_HONEY.7.fa,1331721,526,78900,0.059246644,SBBP2_FORAGER,FORAGER,0.215297685,0.026004434
Apilactobacillus sp.3,bins_SBBP2_HONEY.7.fa,1331721,152,22800,0.017120703,SBBP2_GUARD,GUARD,0.06304236,0.007514589
Apilactobacillus sp.3,bins_SBBP2_HONEY.7.fa,1331721,475944,71391600,53.60852611,SBBP2_HONEY,HONEY,6.90295571,23.52976074
Apilactobacillus sp.3,bins_SBBP2_HONEY.7.fa,1331721,0,0,0,SBBP2_LARVAE,LARVAE,0,0
Apilactobacillus sp.3,bins_SBBP2_HONEY.7.fa,1331721,6496,974400,0.73168479,SBBP2_NURSE,NURSE,13.09888126,0.321149811
Apilactobacillus sp.3,bins_SBBP2_HONEY.7.fa,1331721,35652,5347800,4.015705992,SBBP4_POLLEN,POLLEN,34.37147903,1.762566667
Apilactobacillus sp.3,bins_SBBP2_HONEY.7.fa,1331721,628434,94265100,70.78442106,SDBP2_HONEY,HONEY,9.828660721,31.06857458
Apilactobacillus sp.3,bins_SBBP2_HONEY.7.fa,1331721,194216,29132400,21.87575325,SDBP3_FOOD,FOOD,59.85387215,9.601667448
Apilactobacillus sp.3,bins_SBBP2_HONEY.7.fa,1331721,8594,1289100,0.967995549,SDBP3_FORAGER,FORAGER,9.838044637,0.424870917
Apilactobacillus sp.3,bins_SBBP2_HONEY.7.fa,1331721,16,2400,0.001802179,SDBP3_GUARD,GUARD,0.013665771,0.000791009
Apilactobacillus sp.3,bins_SBBP2_HONEY.7.fa,1331721,4,600,0.000450545,SDBP3_LARVAE,LARVAE,0.100636307,0.000197752
Apilactobacillus sp.3,bins_SBBP2_HONEY.7.fa,1331721,36864,5529600,4.152221073,SDBP3_NURSE,NURSE,79.32203989,1.822485628
Apilactobacillus sp.3,bins_SBBP2_HONEY.7.fa,1331721,45010,6751500,5.069755602,SDBP3_POLLEN,POLLEN,36.66740248,2.225208283
Apilactobacillus sp.3,bins_SBBP2_HONEY.7.fa,1331721,90946,13641900,10.24381233,SDBP4_FOOD,FOOD,66.61254541,4.496196234
Apilactobacillus sp.3,bins_SBBP2_HONEY.7.fa,1331721,42,6300,0.004730721,SDBP4_FORAGER,FORAGER,0.034514772,0.0020764
Apilactobacillus sp.3,bins_SBBP2_HONEY.7.fa,1331721,124,18600,0.013966889,SDBP4_GUARD,GUARD,0.035837166,0.006130323
Apilactobacillus sp.3,bins_SBBP2_HONEY.7.fa,1331721,98600,14790000,11.10592985,SDBP4_HONEY,HONEY,1.945371315,4.874595349
Apilactobacillus sp.3,bins_SBBP2_HONEY.7.fa,1331721,6834,1025100,0.769755827,SDBP4_LARVAE,LARVAE,1.551343684,0.337859885
Apilactobacillus sp.3,bins_SBBP2_HONEY.7.fa,1331721,25646,3846900,2.888668122,SDBP4_NURSE,NURSE,43.08601166,1.267889172
Apilactobacillus sp.3,bins_SBBP2_HONEY.7.fa,1331721,59216,8882400,6.669865535,SDBP4_POLLEN,POLLEN,28.98913746,2.927525742
Apilactobacillus sp.2,bins_SBBP2_HONEY.8.fa,1374384,152410,22861500,16.63399749,SBBP1_FOOD,FOOD,39.98430626,0.761142642
Apilactobacillus sp.2,bins_SBBP2_HONEY.8.fa,1374384,2270,340500,0.247747354,SBBP1_FORAGER,FORAGER,2.505812476,0.011336486
Apilactobacillus sp.2,bins_SBBP2_HONEY.8.fa,1374384,9356,1403400,1.021112004,SBBP1_GUARD,GUARD,3.151218085,0.0467243
Apilactobacillus sp.2,bins_SBBP2_HONEY.8.fa,1374384,5930400,889560000,647.242692,SBBP1_HONEY,HONEY,85.99354766,29.61669394
Apilactobacillus sp.2,bins_SBBP2_HONEY.8.fa,1374384,0,0,0,SBBP1_LARVAE,LARVAE,0,0
Apilactobacillus sp.2,bins_SBBP2_HONEY.8.fa,1374384,5646,846900,0.616203332,SBBP1_NURSE,NURSE,9.912827202,0.028196387
Apilactobacillus sp.2,bins_SBBP2_HONEY.8.fa,1374384,281976,42296400,30.77480529,SBBP1_POLLEN,POLLEN,63.96997597,1.408201283
Apilactobacillus sp.2,bins_SBBP2_HONEY.8.fa,1374384,130092,19513800,14.19821535,SBBP2_FOOD,FOOD,56.02055193,0.64968551
Apilactobacillus sp.2,bins_SBBP2_HONEY.8.fa,1374384,3112,466800,0.339643069,SBBP2_FORAGER,FORAGER,1.234236433,0.015541473
Apilactobacillus sp.2,bins_SBBP2_HONEY.8.fa,1374384,1102,165300,0.120272064,SBBP2_GUARD,GUARD,0.442869357,0.005503439
Apilactobacillus sp.2,bins_SBBP2_HONEY.8.fa,1374384,6136052,920407800,669.6875109,SBBP2_HONEY,HONEY,86.23298499,30.64372961
Apilactobacillus sp.2,bins_SBBP2_HONEY.8.fa,1374384,4,600,0.000436559,SBBP2_LARVAE,LARVAE,0.026832486,1.99762E-05
Apilactobacillus sp.2,bins_SBBP2_HONEY.8.fa,1374384,12730,1909500,1.389349701,SBBP2_NURSE,NURSE,24.87263233,0.063574213
Apilactobacillus sp.2,bins_SBBP2_HONEY.8.fa,1374384,13652,2047800,1.4899766,SBBP4_POLLEN,POLLEN,12.75309984,0.068178724
Apilactobacillus sp.2,bins_SBBP2_HONEY.8.fa,1374384,3824220,573633000,417.3746202,SDBP2_HONEY,HONEY,57.9539039,19.09833288
Apilactobacillus sp.2,bins_SBBP2_HONEY.8.fa,1374384,17426,2613900,1.90187022,SDBP3_FOOD,FOOD,5.203674392,0.087026256
Apilactobacillus sp.2,bins_SBBP2_HONEY.8.fa,1374384,482,72300,0.052605385,SDBP3_FORAGER,FORAGER,0.53464515,0.00240713
Apilactobacillus sp.2,bins_SBBP2_HONEY.8.fa,1374384,44,6600,0.004802151,SDBP3_GUARD,GUARD,0.036414304,0.000219738
Apilactobacillus sp.2,bins_SBBP2_HONEY.8.fa,1374384,10,1500,0.001091398,SDBP3_LARVAE,LARVAE,0.243780897,4.99405E-05
Apilactobacillus sp.2,bins_SBBP2_HONEY.8.fa,1374384,2252,337800,0.245782838,SDBP3_NURSE,NURSE,4.695317455,0.011246593
Apilactobacillus sp.2,bins_SBBP2_HONEY.8.fa,1374384,5638,845700,0.615330213,SDBP3_POLLEN,POLLEN,4.450423719,0.028156435
Apilactobacillus sp.2,bins_SBBP2_HONEY.8.fa,1374384,26792,4018800,2.924073621,SDBP4_FOOD,FOOD,19.01440407,0.133800496
Apilactobacillus sp.2,bins_SBBP2_HONEY.8.fa,1374384,430,64500,0.046930116,SDBP4_FORAGER,FORAGER,0.342396487,0.00214744
Apilactobacillus sp.2,bins_SBBP2_HONEY.8.fa,1374384,1200,180000,0.130967764,SDBP4_GUARD,GUARD,0.336045741,0.005992856
Apilactobacillus sp.2,bins_SBBP2_HONEY.8.fa,1374384,3433584,515037600,374.7406838,SDBP4_HONEY,HONEY,65.64148942,17.14747849
Apilactobacillus sp.2,bins_SBBP2_HONEY.8.fa,1374384,372,55800,0.040600007,SDBP4_LARVAE,LARVAE,0.081824083,0.001857785
Apilactobacillus sp.2,bins_SBBP2_HONEY.8.fa,1374384,3790,568500,0.413639856,SDBP4_NURSE,NURSE,6.169657055,0.018927437
Apilactobacillus sp.2,bins_SBBP2_HONEY.8.fa,1374384,28800,4320000,3.143226347,SDBP4_POLLEN,POLLEN,13.66135797,0.143828542
Bombilactobacillus sp.1,bins_SDBP3_FORAGER.7.fa,1486360,17404,2610600,1.756371269,SBBP1_FOOD,FOOD,4.221912788,7.289816707
Bombilactobacillus sp.1,bins_SDBP3_FORAGER.7.fa,1486360,5838,875700,0.589157405,SBBP1_FORAGER,FORAGER,5.958965665,2.445297055
Bombilactobacillus sp.1,bins_SDBP3_FORAGER.7.fa,1486360,1832,274800,0.184881186,SBBP1_GUARD,GUARD,0.57055537,0.767349127
Bombilactobacillus sp.1,bins_SDBP3_FORAGER.7.fa,1486360,1186,177900,0.119688366,SBBP1_HONEY,HONEY,0.01590196,0.496766411
Bombilactobacillus sp.1,bins_SDBP3_FORAGER.7.fa,1486360,10,1500,0.001009177,SBBP1_LARVAE,LARVAE,0.054945707,0.004188587
Bombilactobacillus sp.1,bins_SDBP3_FORAGER.7.fa,1486360,5882,882300,0.593597783,SBBP1_NURSE,NURSE,9.549173049,2.463726837
Bombilactobacillus sp.1,bins_SDBP3_FORAGER.7.fa,1486360,7048,1057200,0.711267795,SBBP1_POLLEN,POLLEN,1.478475114,2.952116074
Bombilactobacillus sp.1,bins_SDBP3_FORAGER.7.fa,1486360,8546,1281900,0.862442477,SBBP2_FOOD,FOOD,3.402857498,3.579566397
Bombilactobacillus sp.1,bins_SDBP3_FORAGER.7.fa,1486360,8814,1322100,0.889488415,SBBP2_FORAGER,FORAGER,3.232331553,3.691820527
Bombilactobacillus sp.1,bins_SDBP3_FORAGER.7.fa,1486360,1684,252600,0.16994537,SBBP2_GUARD,GUARD,0.625777875,0.70535804
Bombilactobacillus sp.1,bins_SDBP3_FORAGER.7.fa,1486360,838,125700,0.084569014,SBBP2_HONEY,HONEY,0.010889614,0.351003585
Bombilactobacillus sp.1,bins_SDBP3_FORAGER.7.fa,1486360,2,300,0.000201835,SBBP2_LARVAE,LARVAE,0.012405505,0.000837717
Bombilactobacillus sp.1,bins_SDBP3_FORAGER.7.fa,1486360,9070,1360500,0.91532334,SBBP2_NURSE,NURSE,16.38644387,3.799048353
Bombilactobacillus sp.1,bins_SDBP3_FORAGER.7.fa,1486360,8650,1297500,0.872937915,SBBP4_POLLEN,POLLEN,7.471704178,3.623127702
Bombilactobacillus sp.1,bins_SDBP3_FORAGER.7.fa,1486360,1346,201900,0.135835195,SDBP2_HONEY,HONEY,0.018861185,0.563783802
Bombilactobacillus sp.1,bins_SDBP3_FORAGER.7.fa,1486360,11144,1671600,1.124626605,SDBP3_FOOD,FOOD,3.077071508,4.667761284
Bombilactobacillus sp.1,bins_SDBP3_FORAGER.7.fa,1486360,70038,10505700,7.068072338,SDBP3_FORAGER,FORAGER,71.83505258,29.3360252
Bombilactobacillus sp.1,bins_SDBP3_FORAGER.7.fa,1486360,4354,653100,0.43939557,SDBP3_GUARD,GUARD,3.33189934,1.823710753
Bombilactobacillus sp.1,bins_SDBP3_FORAGER.7.fa,1486360,4,600,0.000403671,SDBP3_LARVAE,LARVAE,0.090166262,0.001675435
Bombilactobacillus sp.1,bins_SDBP3_FORAGER.7.fa,1486360,1746,261900,0.176202266,SDBP3_NURSE,NURSE,3.36608358,0.731327279
Bombilactobacillus sp.1,bins_SDBP3_FORAGER.7.fa,1486360,7274,1091100,0.73407519,SDBP3_POLLEN,POLLEN,5.309256019,3.046778139
Bombilactobacillus sp.1,bins_SDBP3_FORAGER.7.fa,1486360,5094,764100,0.514074652,SDBP4_FOOD,FOOD,3.342878608,2.133666186
Bombilactobacillus sp.1,bins_SDBP3_FORAGER.7.fa,1486360,16686,2502900,1.683912377,SDBP4_FORAGER,FORAGER,12.28562237,6.989076165
Bombilactobacillus sp.1,bins_SDBP3_FORAGER.7.fa,1486360,3082,462300,0.311028284,SDBP4_GUARD,GUARD,0.798056919,1.290922494
Bombilactobacillus sp.1,bins_SDBP3_FORAGER.7.fa,1486360,4240,636000,0.427890955,SDBP4_HONEY,HONEY,0.074951562,1.775960862
Bombilactobacillus sp.1,bins_SDBP3_FORAGER.7.fa,1486360,1276,191400,0.128770957,SDBP4_LARVAE,LARVAE,0.259521271,0.534463693
Bombilactobacillus sp.1,bins_SDBP3_FORAGER.7.fa,1486360,26634,3995100,2.687841438,SDBP4_NURSE,NURSE,40.09057553,11.15588245
Bombilactobacillus sp.1,bins_SDBP3_FORAGER.7.fa,1486360,9022,1353300,0.910479292,SDBP4_POLLEN,POLLEN,3.957202618,3.778943136
Wolbachia pipientis,bins_SDBP3_GUARD.4.fa,1109016,1412,211800,0.190980112,SBBP1_FOOD,FOOD,0.459072288,1.63282298
Wolbachia pipientis,bins_SDBP3_GUARD.4.fa,1109016,1102,165300,0.149051051,SBBP1_FORAGER,FORAGER,1.507559928,1.274342014
Wolbachia pipientis,bins_SDBP3_GUARD.4.fa,1109016,1396,209400,0.188816032,SBBP1_GUARD,GUARD,0.58269856,1.614320736
Wolbachia pipientis,bins_SDBP3_GUARD.4.fa,1109016,1130,169500,0.152838192,SBBP1_HONEY,HONEY,0.020306291,1.30672094
Wolbachia pipientis,bins_SDBP3_GUARD.4.fa,1109016,1282,192300,0.173396957,SBBP1_LARVAE,LARVAE,9.440780334,1.482492252
Wolbachia pipientis,bins_SDBP3_GUARD.4.fa,1109016,1160,174000,0.156895843,SBBP1_NURSE,NURSE,2.523974311,1.341412646
Wolbachia pipientis,bins_SDBP3_GUARD.4.fa,1109016,1032,154800,0.139583198,SBBP1_POLLEN,POLLEN,0.290144283,1.193394699
Wolbachia pipientis,bins_SDBP3_GUARD.4.fa,1109016,1128,169200,0.152567682,SBBP2_FOOD,FOOD,0.601971835,1.304408159
Wolbachia pipientis,bins_SDBP3_GUARD.4.fa,1109016,830,124500,0.112261681,SBBP2_FORAGER,FORAGER,0.407950196,0.959803876
Wolbachia pipientis,bins_SDBP3_GUARD.4.fa,1109016,854,128100,0.115507802,SBBP2_GUARD,GUARD,0.42532625,0.987557241
Wolbachia pipientis,bins_SDBP3_GUARD.4.fa,1109016,902,135300,0.122000043,SBBP2_HONEY,HONEY,0.015709458,1.043063972
Wolbachia pipientis,bins_SDBP3_GUARD.4.fa,1109016,1082,162300,0.14634595,SBBP2_LARVAE,LARVAE,8.994948458,1.25121421
Wolbachia pipientis,bins_SDBP3_GUARD.4.fa,1109016,752,112800,0.101711788,SBBP2_NURSE,NURSE,1.820880592,0.86960544
Wolbachia pipientis,bins_SDBP3_GUARD.4.fa,1109016,678,101700,0.091702915,SBBP4_POLLEN,POLLEN,0.78490926,0.784032564
Wolbachia pipientis,bins_SDBP3_GUARD.4.fa,1109016,1136,170400,0.153649722,SDBP2_HONEY,HONEY,0.021334793,1.313659281
Wolbachia pipientis,bins_SDBP3_GUARD.4.fa,1109016,1070,160500,0.144722889,SDBP3_FOOD,FOOD,0.395973807,1.237337527
Wolbachia pipientis,bins_SDBP3_GUARD.4.fa,1109016,890,133500,0.120376983,SDBP3_FORAGER,FORAGER,1.223429316,1.029187289
Wolbachia pipientis,bins_SDBP3_GUARD.4.fa,1109016,52962,7944300,7.163377264,SDBP3_GUARD,GUARD,54.31928223,61.24473842
Wolbachia pipientis,bins_SDBP3_GUARD.4.fa,1109016,1018,152700,0.137689628,SDBP3_LARVAE,LARVAE,30.75514251,1.177205236
Wolbachia pipientis,bins_SDBP3_GUARD.4.fa,1109016,1038,155700,0.140394728,SDBP3_NURSE,NURSE,2.682033548,1.20033304
Wolbachia pipientis,bins_SDBP3_GUARD.4.fa,1109016,608,91200,0.082235062,SDBP3_POLLEN,POLLEN,0.594771495,0.703085249
Wolbachia pipientis,bins_SDBP3_GUARD.4.fa,1109016,236,35400,0.031920189,SDBP4_FOOD,FOOD,0.207567746,0.27290809
Wolbachia pipientis,bins_SDBP3_GUARD.4.fa,1109016,1108,166200,0.149862581,SDBP4_FORAGER,FORAGER,1.093379384,1.281280355
Wolbachia pipientis,bins_SDBP3_GUARD.4.fa,1109016,7754,1163100,1.048767556,SDBP4_GUARD,GUARD,2.69099708,8.966649706
Wolbachia pipientis,bins_SDBP3_GUARD.4.fa,1109016,1502,225300,0.203153065,SDBP4_HONEY,HONEY,0.035585327,1.736898099
Wolbachia pipientis,bins_SDBP3_GUARD.4.fa,1109016,774,116100,0.104687399,SDBP4_LARVAE,LARVAE,0.210983963,0.895046024
Wolbachia pipientis,bins_SDBP3_GUARD.4.fa,1109016,764,114600,0.103334848,SDBP4_NURSE,NURSE,1.541293869,0.883482122
Wolbachia pipientis,bins_SDBP3_GUARD.4.fa,1109016,876,131400,0.118483412,SDBP4_POLLEN,POLLEN,0.514962693,1.012997826
Bifidobacterium sp.,bins_SDBP4_FORAGER.2.fa,2145754,1270,190500,0.088779981,SBBP1_FOOD,FOOD,0.213406666,0.201401884
Bifidobacterium sp.,bins_SDBP4_FORAGER.2.fa,2145754,75476,11321400,5.276187298,SBBP1_FORAGER,FORAGER,53.36539723,11.96929811
Bifidobacterium sp.,bins_SDBP4_FORAGER.2.fa,2145754,73016,10952400,5.104219775,SBBP1_GUARD,GUARD,15.75195434,11.57918107
Bifidobacterium sp.,bins_SDBP4_FORAGER.2.fa,2145754,980,147000,0.068507387,SBBP1_HONEY,HONEY,0.009101985,0.155412477
Bifidobacterium sp.,bins_SDBP4_FORAGER.2.fa,2145754,2,300,0.000139811,SBBP1_LARVAE,LARVAE,0.007612157,0.000317168
Bifidobacterium sp.,bins_SDBP4_FORAGER.2.fa,2145754,14328,2149200,1.001605962,SBBP1_NURSE,NURSE,16.11277692,2.272193853
Bifidobacterium sp.,bins_SDBP4_FORAGER.2.fa,2145754,992,148800,0.069346253,SBBP1_POLLEN,POLLEN,0.144146424,0.157315487
Bifidobacterium sp.,bins_SDBP4_FORAGER.2.fa,2145754,970,145500,0.067808332,SBBP2_FOOD,FOOD,0.267544905,0.153826636
Bifidobacterium sp.,bins_SDBP4_FORAGER.2.fa,2145754,157408,23611200,11.00368449,SBBP2_FORAGER,FORAGER,39.98653155,24.96241555
Bifidobacterium sp.,bins_SDBP4_FORAGER.2.fa,2145754,102734,15410100,7.181671338,SBBP2_GUARD,GUARD,26.44456293,16.29198516
Bifidobacterium sp.,bins_SDBP4_FORAGER.2.fa,2145754,704,105600,0.04921347,SBBP2_HONEY,HONEY,0.006337022,0.111643249
Bifidobacterium sp.,bins_SDBP4_FORAGER.2.fa,2145754,2,300,0.000139811,SBBP2_LARVAE,LARVAE,0.008593287,0.000317168
Bifidobacterium sp.,bins_SDBP4_FORAGER.2.fa,2145754,8952,1342800,0.62579401,SBBP2_NURSE,NURSE,11.20318687,1.419645406
Bifidobacterium sp.,bins_SDBP4_FORAGER.2.fa,2145754,5266,789900,0.368122348,SBBP4_POLLEN,POLLEN,3.150855563,0.83510419
Bifidobacterium sp.,bins_SDBP4_FORAGER.2.fa,2145754,1554,233100,0.108633142,SDBP2_HONEY,HONEY,0.015084086,0.246439786
Bifidobacterium sp.,bins_SDBP4_FORAGER.2.fa,2145754,942,141300,0.065850978,SDBP3_FOOD,FOOD,0.180173728,0.149386279
Bifidobacterium sp.,bins_SDBP4_FORAGER.2.fa,2145754,8496,1274400,0.593917103,SDBP3_FORAGER,FORAGER,6.036167187,1.347331029
Bifidobacterium sp.,bins_SDBP4_FORAGER.2.fa,2145754,13614,2042100,0.951693437,SDBP3_GUARD,GUARD,7.216610615,2.158964763
Bifidobacterium sp.,bins_SDBP4_FORAGER.2.fa,2145754,4,600,0.000279622,SDBP3_LARVAE,LARVAE,0.062457969,0.000634337
Bifidobacterium sp.,bins_SDBP4_FORAGER.2.fa,2145754,62,9300,0.004334141,SDBP3_NURSE,NURSE,0.082797351,0.009832218
Bifidobacterium sp.,bins_SDBP4_FORAGER.2.fa,2145754,1354,203100,0.094652043,SDBP3_POLLEN,POLLEN,0.684578277,0.214722953
Bifidobacterium sp.,bins_SDBP4_FORAGER.2.fa,2145754,314,47100,0.021950326,SDBP4_FOOD,FOOD,0.142736614,0.049795426
Bifidobacterium sp.,bins_SDBP4_FORAGER.2.fa,2145754,125606,18840900,8.780549867,SDBP4_FORAGER,FORAGER,64.06183679,19.91912208
Bifidobacterium sp.,bins_SDBP4_FORAGER.2.fa,2145754,22556,3383400,1.576788392,SDBP4_GUARD,GUARD,4.045827824,3.577024327
Bifidobacterium sp.,bins_SDBP4_FORAGER.2.fa,2145754,3202,480300,0.223837402,SDBP4_HONEY,HONEY,0.039208501,0.507786482
Bifidobacterium sp.,bins_SDBP4_FORAGER.2.fa,2145754,118,17700,0.008248849,SDBP4_LARVAE,LARVAE,0.016624492,0.018712931
Bifidobacterium sp.,bins_SDBP4_FORAGER.2.fa,2145754,1384,207600,0.096749208,SDBP4_NURSE,NURSE,1.443065568,0.219480478
Bifidobacterium sp.,bins_SDBP4_FORAGER.2.fa,2145754,9274,1391100,0.64830358,SDBP4_POLLEN,POLLEN,2.817712216,1.470709506
Raoutella sp.,bins_SDBP4_GUARD.4.fa,2533412,394,59100,0.023328223,SBBP1_FOOD,FOOD,0.056075686,0.070257528
Raoutella sp.,bins_SDBP4_GUARD.4.fa,2533412,13978,2096700,0.827619037,SBBP1_FORAGER,FORAGER,8.370858761,2.492537367
Raoutella sp.,bins_SDBP4_GUARD.4.fa,2533412,116402,17460300,6.892009669,SBBP1_GUARD,GUARD,21.26919028,20.75664148
Raoutella sp.,bins_SDBP4_GUARD.4.fa,2533412,1822,273300,0.107878229,SBBP1_HONEY,HONEY,0.014332849,0.324896486
Raoutella sp.,bins_SDBP4_GUARD.4.fa,2533412,0,0,0,SBBP1_LARVAE,LARVAE,0,0
Raoutella sp.,bins_SDBP4_GUARD.4.fa,2533412,36,5400,0.002131513,SBBP1_NURSE,NURSE,0.034289526,0.00641947
Raoutella sp.,bins_SDBP4_GUARD.4.fa,2533412,152,22800,0.008999721,SBBP1_POLLEN,POLLEN,0.018707249,0.027104427
Raoutella sp.,bins_SDBP4_GUARD.4.fa,2533412,234,35100,0.013854833,SBBP2_FOOD,FOOD,0.054665701,0.041726552
Raoutella sp.,bins_SDBP4_GUARD.4.fa,2533412,190690,28603500,11.29050466,SBBP2_FORAGER,FORAGER,41.02881369,34.0035735
Raoutella sp.,bins_SDBP4_GUARD.4.fa,2533412,8578,1286700,0.507892123,SBBP2_GUARD,GUARD,1.87017542,1.529616936
Raoutella sp.,bins_SDBP4_GUARD.4.fa,2533412,1748,262200,0.103496786,SBBP2_HONEY,HONEY,0.013326868,0.31170091
Raoutella sp.,bins_SDBP4_GUARD.4.fa,2533412,0,0,0,SBBP2_LARVAE,LARVAE,0,0
Raoutella sp.,bins_SDBP4_GUARD.4.fa,2533412,56,8400,0.003315687,SBBP2_NURSE,NURSE,0.059358608,0.009985842
Raoutella sp.,bins_SDBP4_GUARD.4.fa,2533412,1100,165000,0.065129557,SBBP4_POLLEN,POLLEN,0.557460931,0.196150458
Raoutella sp.,bins_SDBP4_GUARD.4.fa,2533412,1210,181500,0.071642512,SDBP2_HONEY,HONEY,0.00994781,0.215765504
Raoutella sp.,bins_SDBP4_GUARD.4.fa,2533412,102,15300,0.006039286,SDBP3_FOOD,FOOD,0.016523987,0.018188497
Raoutella sp.,bins_SDBP4_GUARD.4.fa,2533412,42,6300,0.002486765,SDBP3_FORAGER,FORAGER,0.025273778,0.007489381
Raoutella sp.,bins_SDBP4_GUARD.4.fa,2533412,63500,9525000,3.759751671,SDBP3_GUARD,GUARD,28.50987804,11.32323099
Raoutella sp.,bins_SDBP4_GUARD.4.fa,2533412,0,0,0,SDBP3_LARVAE,LARVAE,0,0
Raoutella sp.,bins_SDBP4_GUARD.4.fa,2533412,4,600,0.000236835,SDBP3_NURSE,NURSE,0.004524382,0.000713274
Raoutella sp.,bins_SDBP4_GUARD.4.fa,2533412,358,53700,0.02119671,SDBP3_POLLEN,POLLEN,0.153306857,0.063838058
Raoutella sp.,bins_SDBP4_GUARD.4.fa,2533412,54,8100,0.003197269,SDBP4_FOOD,FOOD,0.020790915,0.009629204
Raoutella sp.,bins_SDBP4_GUARD.4.fa,2533412,40,6000,0.002368348,SDBP4_FORAGER,FORAGER,0.017279182,0.007132744
Raoutella sp.,bins_SDBP4_GUARD.4.fa,2533412,158352,23752800,9.375814119,SDBP4_GUARD,GUARD,24.05708326,28.23710667
Raoutella sp.,bins_SDBP4_GUARD.4.fa,2533412,1348,202200,0.079813311,SDBP4_HONEY,HONEY,0.013980507,0.24037347
Raoutella sp.,bins_SDBP4_GUARD.4.fa,2533412,10,1500,0.000592087,SDBP4_LARVAE,LARVAE,0.001193275,0.001783186
Raoutella sp.,bins_SDBP4_GUARD.4.fa,2533412,8,1200,0.00047367,SDBP4_NURSE,NURSE,0.007065038,0.001426549
Raoutella sp.,bins_SDBP4_GUARD.4.fa,2533412,576,86400,0.034104204,SDBP4_POLLEN,POLLEN,0.148226595,0.102711513
Acinetobacter sp.,bins_SDBP4_POLLEN.13.fa,1991814,9582,1437300,0.721603523,SBBP1_FOOD,FOOD,1.734568992,1.94528357
Acinetobacter sp.,bins_SDBP4_POLLEN.13.fa,1991814,62,9300,0.004669111,SBBP1_FORAGER,FORAGER,0.047225193,0.01258689
Acinetobacter sp.,bins_SDBP4_POLLEN.13.fa,1991814,82,12300,0.006175275,SBBP1_GUARD,GUARD,0.0190573,0.016647177
Acinetobacter sp.,bins_SDBP4_POLLEN.13.fa,1991814,27890,4183500,2.100346719,SBBP1_HONEY,HONEY,0.279054932,5.662070422
Acinetobacter sp.,bins_SDBP4_POLLEN.13.fa,1991814,0,0,0,SBBP1_LARVAE,LARVAE,0,0
Acinetobacter sp.,bins_SDBP4_POLLEN.13.fa,1991814,438,65700,0.032985008,SBBP1_NURSE,NURSE,0.530627907,0.088920288
Acinetobacter sp.,bins_SDBP4_POLLEN.13.fa,1991814,1634,245100,0.123053659,SBBP1_POLLEN,POLLEN,0.255785196,0.33172546
Acinetobacter sp.,bins_SDBP4_POLLEN.13.fa,1991814,9584,1437600,0.72175414,SBBP2_FOOD,FOOD,2.847756868,1.945689599
Acinetobacter sp.,bins_SDBP4_POLLEN.13.fa,1991814,124,18600,0.009338221,SBBP2_FORAGER,FORAGER,0.033934367,0.02517378
Acinetobacter sp.,bins_SDBP4_POLLEN.13.fa,1991814,380,57000,0.02861713,SBBP2_GUARD,GUARD,0.105374844,0.077145456
Acinetobacter sp.,bins_SDBP4_POLLEN.13.fa,1991814,23942,3591300,1.803029801,SBBP2_HONEY,HONEY,0.232168943,4.860569739
Acinetobacter sp.,bins_SDBP4_POLLEN.13.fa,1991814,0,0,0,SBBP2_LARVAE,LARVAE,0,0
Acinetobacter sp.,bins_SDBP4_POLLEN.13.fa,1991814,1126,168900,0.084797074,SBBP2_NURSE,NURSE,1.518067368,0.228594166
Acinetobacter sp.,bins_SDBP4_POLLEN.13.fa,1991814,41460,6219000,3.12227949,SBBP4_POLLEN,POLLEN,26.72440767,8.416975248
Acinetobacter sp.,bins_SDBP4_POLLEN.13.fa,1991814,19308,2896200,1.454051433,SDBP2_HONEY,HONEY,0.201900051,3.919801208
Acinetobacter sp.,bins_SDBP4_POLLEN.13.fa,1991814,25444,3816600,1.916142772,SDBP3_FOOD,FOOD,5.242725276,5.165497304
Acinetobacter sp.,bins_SDBP4_POLLEN.13.fa,1991814,526,78900,0.039612132,SDBP3_FORAGER,FORAGER,0.402590614,0.106785552
Acinetobacter sp.,bins_SDBP4_POLLEN.13.fa,1991814,28,4200,0.002108631,SDBP3_GUARD,GUARD,0.01598957,0.005684402
Acinetobacter sp.,bins_SDBP4_POLLEN.13.fa,1991814,4,600,0.000301233,SDBP3_LARVAE,LARVAE,0.067285125,0.000812057
Acinetobacter sp.,bins_SDBP4_POLLEN.13.fa,1991814,1622,243300,0.12214996,SDBP3_NURSE,NURSE,2.33349425,0.329289287
Acinetobacter sp.,bins_SDBP4_POLLEN.13.fa,1991814,81448,12217200,6.133705256,SDBP3_POLLEN,POLLEN,44.36250127,16.53511336
Acinetobacter sp.,bins_SDBP4_POLLEN.13.fa,1991814,11098,1664700,0.83577081,SDBP4_FOOD,FOOD,5.434775574,2.253053336
Acinetobacter sp.,bins_SDBP4_POLLEN.13.fa,1991814,890,133500,0.067024331,SDBP4_FORAGER,FORAGER,0.489001466,0.180682778
Acinetobacter sp.,bins_SDBP4_POLLEN.13.fa,1991814,2160,324000,0.162665791,SDBP4_GUARD,GUARD,0.417378633,0.438511011
Acinetobacter sp.,bins_SDBP4_POLLEN.13.fa,1991814,109892,16483800,8.275772738,SDBP4_HONEY,HONEY,1.449626561,22.30965374
Acinetobacter sp.,bins_SDBP4_POLLEN.13.fa,1991814,208,31200,0.015664113,SDBP4_LARVAE,LARVAE,0.031569001,0.042226986
Acinetobacter sp.,bins_SDBP4_POLLEN.13.fa,1991814,668,100200,0.050305902,SDBP4_NURSE,NURSE,0.750339114,0.135613591
Acinetobacter sp.,bins_SDBP4_POLLEN.13.fa,1991814,122976,18446400,9.261105706,SDBP4_POLLEN,POLLEN,40.25140611,24.96589359